,publishedAt,title,description,videoId,location,geocode
0,2025-03-23T15:22:54Z,Hiking the Southernmost Trail in the World,"Backpacking 30 miles over 3 days on the Dientes de Navarino trail in Chile March 2025
Music licensed with Artlist
Subscribe to get 2 extra months free https://geni.us/cpwDv7a

00:00 Day 1 https://alltrails.com/explore/recording/evening-hike-at-teeth-of-navarino-21b5680
6:02 Day 2 https://alltrails.com/explore/recording/evening-hike-at-teeth-of-navarino-2348331
13:44 Day 3 https://alltrails.com/explore/recording/afternoon-hike-at-teeth-of-navarino-8fb21ee
17:44 Behind the Scenes
21:47 Artlist https://geni.us/cpwDv7a
22:58 Updates

Video sponsored by Artlist https://geni.us/cpwDv7a
“Homely” by Mattia Vlad Morleo https://artlist.io/royalty-free-music/song/undefined/55226
“Rainbow” by Borrtex https://artlist.io/royalty-free-music/song/rainbow/7856
“Generations” by Dear Gravity https://artlist.io/royalty-free-music/song/undefined/83213
“Rising Tide” by Beneath The Mountain https://artlist.io/royalty-free-music/song/rising-tide/46516
“Outside In” by We Dream of Eden https://artlist.io/royalty-free-music/song/outside-in/97375
“Winds of Reykjavik” by SPEARFISHER https://artlist.io/royalty-free-music/song/undefined/54457
“The Miracle That You Are” by Aija Alsina https://artlist.io/royalty-free-music/song/the-miracle-that-you-are/73258
“Sense of Music” by Borrtex https://artlist.io/royalty-free-music/song/sense-of-music/7796
“Clouds” by Allem Iversom https://artlist.io/royalty-free-music/song/clouds/132701
“Affogato” by Randy Sharp https://artlist.io/royalty-free-music/song/affogato/133705

Camera https://amzn.to/3XVNlBU
Lens https://amzn.to/3Ftqh7j
Tripod https://amzn.to/4byEAne
Head https://amzn.to/42773NB
Strap https://amzn.to/4iO2I7r
Battery https://alnk.to/74wcPI2
Drone https://amzn.to/4ivO7ht

Pack https://alnk.to/eDSN0O3
Tent https://alnk.to/1C8Lxlj
Quilt https://alnk.to/4qMQ7yG
Pillow https://amzn.to/4i4xhWH
Pad https://amzn.to/4hyB90Y
Inflator https://alnk.to/2uIy5ti
Shirt https://arcteryx.sjv.io/DyeYvG
Fleece https://geni.us/Yj53d
Puff https://arcteryx.sjv.io/QyRA59
Shell https://arcteryx.sjv.io/YRDRKq
Pants https://alnk.to/c09qiIJ
Shorts https://alnk.to/8tQgGpD
Socks https://alnk.to/6IGGSgk
Shoes https://amzn.to/4ivstd8
Light https://alnk.to/5Q6TYel
Bottle https://amzn.to/4hyJbqD
Stove https://amzn.to/3XMTtfF",oayOen6OOXw,"Dientes de Navarino trail, Navarino Island, Chile","[0, 0]"
1,2025-03-05T11:06:13Z,Hiking the Lantau Trail in Hong Kong,"Hiking and traveling with friends in Hong Kong Jan 2025
Use code KRAIG for 15% off an eSIM with Saily
https://saily.com/kraig

00:00 Intro
0:28 Getting to the trail
2:35 Mui Wo
3:25 Sunset Peak
4:50 Tung Chung
6:00 Lantau Peak
7:04 Ngong Ping
8:43 Tai O
10:22 Saily
11:18 Exiting the trail
12:12 Dim Sum
12:45 Mandarin Oriental
13:16 Macau
14:01 Hong Kong

https://alltrails.com/explore/recording/lantau-trail-loop-day-1-4ccb2d6
https://alltrails.com/explore/recording/morning-hike-at-lantau-trail-loop-d921c3c
https://alltrails.com/explore/recording/afternoon-hike-at-lantau-trail-loop-f9209b7
https://alltrails.com/explore/recording/afternoon-hike-at-lantau-trail-loop-7bb0607
https://alltrails.com/explore/recording/morning-hike-at-lantau-trail-loop-8edd721

Camera https://amzn.to/3XVNlBU
Lens https://amzn.to/3Ftqh7j
Tripod https://amzn.to/4byEAne
Head https://amzn.to/42773NB
Strap https://amzn.to/4iO2I7r
Battery https://alnk.to/74wcPI2
Drone https://amzn.to/4hA7mF2
Mac https://amzn.to/4bYw54P

Tent https://alnk.to/gp2pkb4
Quilt https://alnk.to/4qMQ7yG
Pillow https://amzn.to/4i4xhWH
Shirt https://alnk.to/aAPms8f
Fleece https://geni.us/Yj53d
Puff https://arcteryx.sjv.io/QyRA59
Shell https://arcteryx.sjv.io/YRDRKq
Shorts https://alnk.to/8tQgGpD
Socks https://alnk.to/6IGGSgk
Light https://alnk.to/5Q6TYel
Filter https://amzn.to/4hyJbqD
Stove https://amzn.to/3XMTtfF

Video sponsored by Saily",oLTXRuljzzo,"lantau trail, hong kong, hong kong","[0, 0]"
2,2025-02-08T14:00:32Z,Favorite Hiking Gear,"Camera https://amzn.to/4hkc7Tl
Lens https://amzn.to/3Ftqh7j
Tripod https://amzn.to/4byEAne
Head https://amzn.to/42773NB
Strap https://amzn.to/4iO2I7r
Battery https://alnk.to/74wcPI2
Drone https://amzn.to/4hA7mF2
Mac https://amzn.to/4bYw54P

Pack https://alnk.to/eDSN0O3
Tent https://alnk.to/44Xk9UB
Quilt https://alnk.to/4qMQ7yG
Pillow https://amzn.to/4i4xhWH
Pad https://amzn.to/4hyB90Y
Shirt https://alnk.to/aAPms8f
Fleece https://geni.us/Yj53d
Puff https://arcteryx.sjv.io/QyRA59
Shell https://arcteryx.sjv.io/YRDRKq
Pants https://alnk.to/c09qiIJ
Shorts https://alnk.to/8tQgGpD
Socks https://alnk.to/6IGGSgk
Shoes https://amzn.to/4kIyzIP
Light https://alnk.to/5Q6TYel
Filter https://amzn.to/4hyJbqD
Stove https://amzn.to/3XMTtfF

Lomond hoodie - https://alnk.to/fwsAxF2
Sykes shorts - https://geni.us/25YABq
Killam pants - https://geni.us/Fijs
Video sponsored by Path Projects",kbpiNeEsZGU,no location found,"[0, 0]"
3,2025-01-08T16:01:49Z,Hiking 80 miles Alone in the Canary Islands,"Shokz OpenFit 2 Headphones - https://geni.us/lUjxdy
Spent a week backpacking alone across Tenerife in the Canary Islands of Spain in December 2024

Map - https://alltrails.com/explore/map/hiking-canary-islands-day-1-312f1ba

Pre-hike to Almáciga (Day 0) https://alltrails.com/explore/recording/evening-hike-at-ruta-de-la-anaga-mirador-de-cruz-del-carmen-roque-bermejo-b3b4d2d
00:00 Anaga to San Cristóbal de La Laguna (Day 1) https://alltrails.com/explore/recording/afternoon-hike-at-ruta-de-la-anaga-mirador-de-cruz-del-carmen-roque-bermejo-d1ee59e
5:38 Las Palomas (Day 2) https://alltrails.com/explore/recording/afternoon-hike-at-gr-131-la-esperanza-arona-0f34132
8:00 Teide (Day 3) https://alltrails.com/explore/recording/evening-hike-at-gr-131-la-esperanza-arona-ba2fd31
10:33 Vilaflor (Day 4) https://alltrails.com/explore/recording/afternoon-hike-at-gr-131-la-esperanza-arona-e36e62f
12:48 Shokz OpenFit 2 https://geni.us/lUjxdy
13:50 Hiking guide and daily vlog
26:33 Life updates
27:14 iPhone travel vlogs
27:39 Group Hikes https://instagram.com/channel/AbYnkJxB9Sy24-VG
28:19 Trips this Winter
28:42 Hiking trips planned for 2025
29:19 Baby Dean
29:41 Favorite Hiking Gear video
30:10 Podcast https://open.spotify.com/show/4kp0CXGby5IDlrJxTlJzNC?si=Z7pGUXtvTpuAiMCUlknedw

$3 off Airalo eSIM https://ref.airalo.com/CtJw

Lomond Hoodie - https://geni.us/lomond
Pyrenees T19 Shirt - https://geni.us/pyrenees
Drone - https://amzn.to/3Wc51Z8

Music licensed with Musicbed https://fm.pxf.io/YgPgaq

Video sponsored by Shokz
OpenFit 2 in Canada https://geni.us/fJY9gXa",YdcoD6hQGxk,"tenerife, canary islands, spain","[0, 0]"
4,2024-11-19T14:00:21Z,Hiking 60 miles Alone in Glacier National Park,"Backpacking for three days in Glacier National Park, Montana early Oct 2024
Lomond Hoodie - https://geni.us/lomond
Killam PX Pants - https://geni.us/killam
Pyrenees T19 Shirt - https://geni.us/pyrenees
Path Projects 10% discount code with ""kraig10""

Map - https://alltrails.com/explore/map/hiking-the-glacier-national-park-day-1-2be5f9c?u=i&sh=droedc

00:00 Red Gap Pass (Day 1) https://alltrails.com/explore/recording/evening-hike-at-north-circle-loop-ea3502c
4:42 Glenns Lake (Day 2) https://alltrails.com/explore/recording/afternoon-hike-at-north-circle-loop-cd6ce2f
9:34 Highline Trail (Day 3) https://alltrails.com/explore/recording/evening-hike-at-north-circle-loop-0c2bcf2
13:57 Path Projects
14:33 Behind the scenes

Thoughts after Glacier Podcast Episode https://open.spotify.com/episode/06uYC4YxZNLHI8yTFbALyD

https://instagram.com/kraigadams

Music licensed with Musicbed https://fm.pxf.io/YgPgaq
Everything is waiting for you by Adam Bokesch
Shelter by Adam Bokesch
Shadows aligned 32hz delta waves by Adam Bokesch
Chasing embers by Adam Bokesch
Hammock river by GXNXSIS
Radiance by GXNXSIS
Divergence by GXNXSIS",xtDcIwh8BC0,"glacier national park, montana, united states","[0, 0]"
5,2024-10-05T14:03:36Z,Hiking Alone to Saxer Lücke in Switzerland,"Spent 2 days hiking in the Appenzell mountains of Switzerland in Sept 2024
Thanks to today's sponsor Holafly eSIM https://geni.us/EIPelU
Use code KRAIGADAMS for a 5% off discount

00:00 Getting to the Trailhead
0:59 Day 1 - Seealpsee to Schafler https://www.alltrails.com/explore/recording/evening-hike-bbc12a3-197
6:19 Day 2 - Saxer Lucke https://www.alltrails.com/explore/recording/evening-hike-cd3bbc2-199
14:42 Holafly eSIM - https://geni.us/EIPelU
15:51 Life update
16:58 Instagram Reels
17:45 I'm a Dad
19:58 Creator Camp
22:27 Appenzell Hiking Guide
31:31 Switzerland Group Hiking Trip 2025 https://vagabond-trails.com/haute-route-kraig-adams

Gear https://linktr.ee/kraigadams
Arcteryx Puff https://arcteryx.sjv.io/QyRA59",IfO8F8gswlI,"Saxer Lücke, Appenzell, Switzerland","[0, 0]"
6,2024-09-03T22:08:44Z,I'm a Dad,"00:00 Pregnancy
1:37 Dean Aviv Adams
5:55 Sasha's routine
6:38 Second month
7:33 Trip to Fire Island",-wrSmkzr0NE,"fire island, suffolk county, new york, united states","[0, 0]"
7,2024-06-28T13:57:44Z,3 Hours of Ambient Silent Drone Hiking,"Four years of traveling around the world, hiking and drone flying edited into one relaxing compilation with ambient music to help you study, sleep and unwind.  Shot on a DJI Mini 3 Pro by Kraig Adams.

00:00 Nepal https://youtu.be/GoMPDzt2LGE
05:00 Peru https://youtu.be/YbBTO9wtOH8
8:55 Iceland https://youtu.be/fobPZUF3VSY
11:16 Italy https://youtu.be/WKcnvPDgifA
16:51 Mexico https://youtu.be/gaiZ50ffN1U
20:26 Cyprus https://youtu.be/ouFqjeOyFH0
21:25 Switzerland https://youtu.be/egQL4W8BuUs
24:02 Scotland https://youtu.be/Z6Lr0NPZ1L4
27:13 Canada https://youtu.be/Y_M720VmpQE
28:52 Washington USA https://youtu.be/gDrFyhjmxDk
30:09 Azores https://youtu.be/Pp3ONGoJsdQ
34:08 Brazil https://youtu.be/ebRLGNNepTo
37:53 Madeira https://youtu.be/303rTtxf-Sc
43:59 Taiwan https://youtu.be/hEX-kEtiOuk
46:35 Peru https://youtu.be/iZZCst-1BWE
49:13 Switzerland https://youtu.be/E9lrZnbnvGE
55:38 Nepal https://youtu.be/WH_AgfLedbE
59:23 Peru https://youtu.be/u21HDJNC4J8
1:02:13 Iceland https://youtu.be/6A5HY7hDeQA
1:05:06 Switzerland https://youtu.be/3595IuY0kgE
1:07:04 Idaho USA https://youtu.be/3SykjY3GdMs
1:10:07 Spain https://youtu.be/l3S59EfTfP0
1:12:48 Alaska USA https://youtu.be/8Ch2vBkVUQQ
1:14:14 Colorado USA https://youtu.be/8cQXo8c2DWk
1:17:23 Nepal https://youtu.be/iMvgjOhdAl8
1:18:11 Alaska USA https://youtu.be/lmg5Hf1YUjA
1:20:04 Peru https://youtu.be/QTVT6PdPyE0
1:22:34 Colombia https://youtu.be/uW6vxPI8Pf8
1:25:58 Chile https://youtu.be/epM-GRYQpsE
1:26:47 Guatemala https://youtu.be/pj6lt0gvJQM
1:27:48 Hong Kong https://youtu.be/FqbhVTRbADA
1:30:41 California USA https://youtu.be/5CEpoMD2XYU
1:33:22 Oregon USA https://youtu.be/Z6Ch01xZc7Q
1:35:28 Nepal https://youtu.be/GoMPDzt2LGE
1:40:28 Peru https://youtu.be/YbBTO9wtOH8
1:44:23 Iceland https://youtu.be/fobPZUF3VSY
1:46:45 Italy https://youtu.be/WKcnvPDgifA
1:52:19 Mexico https://youtu.be/gaiZ50ffN1U
1:55:55 Cyprus https://youtu.be/ouFqjeOyFH0
1:56:55 Switzerland https://youtu.be/egQL4W8BuUs
1:59:34 Scotland https://youtu.be/Z6Lr0NPZ1L4
2:02:42 Canada https://youtu.be/Y_M720VmpQE
2:04:20 Washington USA https://youtu.be/gDrFyhjmxDk
2:05:37 Azores https://youtu.be/Pp3ONGoJsdQ
2:09:35 Brazil https://youtu.be/ebRLGNNepTo
2:13:22 Madeira https://youtu.be/303rTtxf-Sc
2:19:28 Taiwan https://youtu.be/hEX-kEtiOuk
2:22:04 Peru https://youtu.be/iZZCst-1BWE
2:24:41 Switzerland https://youtu.be/E9lrZnbnvGE
2:31:06 Nepal https://youtu.be/WH_AgfLedbE
2:34:53 Peru https://youtu.be/u21HDJNC4J8
2:37:41 Iceland https://youtu.be/6A5HY7hDeQA
2:40:35 Switzerland https://youtu.be/3595IuY0kgE
2:42:33 Idaho USA https://youtu.be/3SykjY3GdMs
2:45:36 Spain https://youtu.be/l3S59EfTfP0
2:48:17 Alaska USA https://youtu.be/8Ch2vBkVUQQ
2:49:43 Colorado USA https://youtu.be/8cQXo8c2DWk
2:52:51 Nepal https://youtu.be/iMvgjOhdAl8
2:53:40 Alaska USA https://youtu.be/lmg5Hf1YUjA
2:55:33 Peru https://youtu.be/QTVT6PdPyE0
2:58:03 Colombia https://youtu.be/uW6vxPI8Pf8
3:01:26 Thanks for watching :)",o5ZR_DJk2sY,no location found,"[0, 0]"
8,2024-06-20T13:24:35Z,Hiking Alone in Rio de Janeiro Brazil,"Overnight solo 20 mile hike across Travessia Petropolis x Teresopolis in Brazil on April 30th, 2024
Behind the scenes stream - https://youtube.com/live/Ogo0IGLqfOo?feature=share

00:00 Rio de Janeiro
1:12 Bonfim
2:07 Bride's Veil Waterfall
3:39 Morro Açu Campsite
5:54 Portais de Hercules
8:45 Pedra do Cavalinho
11:00 Teresopolis

Strava https://strava.com/athletes/17703630
Walking around Urca https://strava.com/activities/11278817596
Pedra da Gávea Summit https://strava.com/activities/11313878829
Ipanema Beach Walk https://strava.com/activities/11286995461
Pão de Açúcar e Morro da Urca https://strava.com/activities/11313887225
Travessia Petropolis x Teresopolis Day 1 https://strava.com/activities/11317573314
Travessia Petropolis x Teresopolis Day 2 https://strava.com/activities/11317822240

Alltrails https://alltrails.com/members/kraig-adams
Pedra da Gavea https://alltrails.com/explore/recording/afternoon-hike-at-pedra-da-gavea-4e8412a
Pão de Açúcar e Morro https://alltrails.com/explore/recording/afternoon-hike-at-pao-de-acucar-e-morro-da-urca-b0b183c
Travessia Petropolis x Teresopolis Brazil - Day 1 https://alltrails.com/explore/recording/afternoon-hike-f10f2da-331
Travessia Petropolis x Teresopolis Brazil - Day 2 https://alltrails.com/explore/recording/afternoon-hike-9327969-324

Brazil research stream https://youtube.com/live/1gOv_VXCS_4?si=UT-uK3i7YbPAHTee

Instagram - https://instagram.com/kraigadams
Instagram Story Highlight https://instagram.com/stories/highlights/17891510214001707

Camping stove fuel in Rio https://maps.app.goo.gl/VQJW9FkTgeyZNjRa9
Amarelinho da Cinelândia https://maps.app.goo.gl/AyNsSnNioHd9HXma9
Fogo de Chão https://maps.app.goo.gl/N7v6iWGJVoj9QRAZ6
Urca Hotel https://maps.app.goo.gl/9LTUrqN9mfKFdGa87
Sugarloaf Mountain https://maps.app.goo.gl/uNDfbTMzebrTkuC1A
Lunch in Urca https://maps.app.goo.gl/8C1LD3PB42Wipatx5
Café da Carol https://maps.app.goo.gl/VtqLLVxzmHA8ZdBc9
Tourinho https://maps.app.goo.gl/eCS66kToAmbXSyj37
Morro Açú https://maps.app.goo.gl/V9ap8d2Zircu4ByF8
Portais de Hércules https://maps.app.goo.gl/EPSwY5KvQySDNRqWA
Pedra do Cavalinho https://maps.app.goo.gl/3EPWMkebtBuMZ2px9

Sony A7Siii Camera https://geni.us/27nfSF
Sony 16-35mm f/4 https://geni.us/5r1RH
Hyperlite Waypoint 35 https://geni.us/X5e5
Pyrenees Shirt https://geni.us/AgmEBoQ
Nemo Hornet 1P Tent https://geni.us/fDJjk
DJI Mini 3 Pro https://geni.us/om4QMV
Favorite hiking gear - https://youtu.be/kmxGNBol4jo

Music licensed with Musicbed - https://fm.pxf.io/YgPgaq
Una Sola Vez by Max LL
Cloud Postcards by Luis Alvarez
Skyward Night by Adam Bokesch
Seeing Cygnus by Adam Bokesch",ebRLGNNepTo,"rio de janeiro, rio de janeiro, brazil","[0, 0]"
9,2024-04-10T13:02:52Z,Hiking Alone in the Azores,"Video Sponsored by Giesswein - https://serv.linkster.co/r/GG6lwCa4AK

Behind the scenes of this trip - https://youtube.com/live/ea_4Gnohr1Q?si=NQ7TLr_aiqzQdP_D

00:00 Drone Intro
0:42 Ponta Delgada
1:13 Sete Cidades https://alltrails.com/explore/recording/sete-cidades-in-azores-c5f5c23
2:42 Grande Rota das Flores - Day 1 https://alltrails.com/explore/recording/grand-flores-trail-in-azores-day-1-c28e5b0
6:38 Grande Rota das Flores - Day 2 https://alltrails.com/explore/recording/afternoon-hike-at-gr01-flo-grande-rota-das-flores-c819904
9:17 Aldeia da Cuada https://maps.app.goo.gl/M4krCMtnLWxj6D5U8
10:02 Grande Rota das Flores - Day 3 https://alltrails.com/explore/recording/afternoon-hike-at-gr01-flo-grande-rota-das-flores-a8f8f60
11:47 Corvo Volcano https://alltrails.com/explore/recording/evening-hike-at-pr01-cor-cara-do-indio-9d38e6e
13:23 Giesswein https://us.giesswein.com/collections/wool-cross-x-men/products/wool-cross-x-men?variant=12955511324716&color=cyan%20blue-572

Google Maps Locations - https://maps.app.goo.gl/Q4JpNibSAAHEuSAB6

Alltrails - https://alltrails.com/members/kraig-adams
Strava - https://strava.com/athletes/17703630
Instagram - https://instagram.com/kraigadams

Sony A7Siii Camera https://geni.us/27nfSF
Sony 16-35mm f/4 https://geni.us/5r1RH
Hyperlite Waypoint 35 https://geni.us/X5e5
Pyrenees Shirt https://geni.us/AgmEBoQ
Nemo Hornet 1P Tent https://geni.us/fDJjk
Arc'teryx Aerios 15 https://geni.us/JDZW
Favorite hiking gear - https://youtu.be/kmxGNBol4jo

Music licensed with Musicbed - https://fm.pxf.io/YgPgaq",Pp3ONGoJsdQ,"azores, portugal","[0, 0]"
10,2024-02-13T13:30:37Z,Starting our Family,"Home movies to re-watch

00:00 Summer
3:54 Fall
6:35 Winter

Gear - https://linktr.ee/kraig
Instagram - https://instagram.com/kraigadams
TikTok - https://tiktok.com/@kraigadams
Strava - https://strava.com/athletes/17703630
Alltrails - https://alltrails.com/members/kraig-adams
Podcast - https://open.spotify.com/show/4kp0CXGby5IDlrJxTlJzNC",9loyUuPPhzw,no location found,"[0, 0]"
11,2024-02-03T17:37:41Z,Hiking 160 miles Across New Zealand's South Island,"00:00 Milford Track https://youtu.be/8-tapH6iRgQ?si=7QebSzIiqYXq5dVZ
12:47 Routeburn Track https://youtu.be/G2BHoeyg34w?si=lRl46E7v_dBkT1F9
24:38 Kepler Great Walk https://youtu.be/JUbUTZJ5ECk?si=K8EitUkUQNbaSN_y
35:20 Rees-Dart Track https://youtu.be/dmk7BN15Yso?si=OoKsLvgxcy4oIP4j

Gear - https://linktr.ee/kraig
Instagram - https://instagram.com/kraigadams
TikTok - https://tiktok.com/@kraigadams
Strava - https://strava.com/athletes/17703630
Alltrails - alltrails.pxf.io/9g3VY5
Podcast - https://open.spotify.com/show/4kp0CXGby5IDlrJxTlJzNC",zvZEuZxo8no,no location found,"[0, 0]"
12,2024-01-23T15:35:24Z,"12 Days in New Zealand - Brewster Hut, Wanaka and Milford Sound","cheeky trip to New Zealand with my friends Renee and Elena
https://www.instagram.com/elinasborne
https://www.instagram.com/wrenees

00:00 Muriwai Gannet Colony https://maps.app.goo.gl/7LTaQtG9NnzV28an8
0:40 Auckland to Airport 
1:10 Queenstown
2:00 Rees-Dart Track https://youtu.be/dmk7BN15Yso?si=jYk_tUFc-_JA4tag
2:40 Kamana Lakehouse https://maps.app.goo.gl/ZQ4kf1qU475P4wn39
4:37 Bespoke Kitchen https://maps.app.goo.gl/GRxLawagM9fpi6ww7
4:54 Wanaka
5:20 Matukituki Lodge https://maps.app.goo.gl/1749aEXKhZd63E39A
6:09 Brewster Hut https://alltrails.com/explore/recording/afternoon-hike-at-brewster-track-to-brewster-hut-227f6af
9:00 Big Fig Wanaka https://maps.app.goo.gl/FH1ipzSi3QJabx4s5
9:25 Te Anau
9:38 Milford Sound
10:38 Milford Sound Haven Cruise

Gear - https://linktr.ee/kraig
Instagram - https://instagram.com/kraigadams
TikTok - https://tiktok.com/@kraigadams
Strava - https://strava.com/athletes/17703630
Alltrails - https://alltrails.com/members/kraig-adams
Podcast - https://open.spotify.com/show/4kp0CXGby5IDlrJxTlJzNC",O9L0-1poMLE,"brewster hut, wanaka, new zealand","[0, 0]"
13,2024-01-12T19:42:20Z,Hiking Lodge to Lodge on the Milford Track in New Zealand,"Hiking 42 miles on the Milford Track Great Walk in New Zealand.  I joined an all-inclusive guided walk with a large group of other random hikers in November 2023.

00:00 Day 1 - Lake Te Anau to Glade House
1:56 Day 2 - Pompolona Lodge
5:15 Day 3 - MacKinnon Pass to Quintin Lodge
9:30 Day 4 - Sandfly Point to Milford Sound
12:45 Guide and BTS

Strava - https://strava.com/athletes/17703630
Alltrails - https://www.alltrails.com/members/kraig-adams

Day 1 - https://alltrails.com/explore/recording/milford-track-day-1-a58149d
Day 2 - https://alltrails.com/explore/recording/milford-track-day-2-2c601ad
Day 3 - https://alltrails.com/explore/recording/milford-track-day-3-2c26f9a

Gear - https://linktr.ee/kraig
Instagram - https://instagram.com/kraigadams
TikTok - https://tiktok.com/@kraigadams
Podcast - https://open.spotify.com/show/4kp0CXGby5IDlrJxTlJzNC

Music licensing - https://geni.us/6glw
Sun ft Alaskan Tapes by Sun Rain
Mkii by Sun Rain
Kora by Sun Rain
Afterthought by Sun Rain
Shells by Sun Rain
Pages by Sun Rain",8-tapH6iRgQ,"Milford Track, Fiordland National Park, New Zealand","[0, 0]"
14,2023-12-29T14:00:10Z,Hiking the Routeburn Great Walk in New Zealand,"00:00 Routeburn Shelter
2:17 Harris Saddle
3:27 Lake Harris
4:17 Lake Wilson
5:52 Campsite
8:42 Kea Alpine Parrots
10:20 Lake McKenzie to the Divide
11:50 Hiking Guide and Behind the Scenes
15:07 Ora Retreat https://oraretreat.com

Alltrails - https://alltrails.com/members/kraig-adams
Day 1 - https://alltrails.com/explore/recording/routeburn-track-day-1-60ce367
Day 2 - https://alltrails.com/explore/recording/routeburn-track-day-2-7fa215c

Music licensed with MusicBed - https://geni.us/6glw
""Aerial"" by Inola
""Elevation"" by Inola
""Shimmer"" by Eagle Lake
""If every place had a name"" by The Field Tapes
""Sunday"" by LWFI

Instagram - https://instagram.com/kraigadams
TikTok - https://tiktok.com/@kraigadams
Strava - https://strava.com/athletes/17703630
Podcast - https://open.spotify.com/show/4kp0CXGby5IDlrJxTlJzNC

MB01U1FVHZQHZYG",G2BHoeyg34w,"Routeburn Shelter, Fiordland National Park, New Zealand","[0, 0]"
15,2023-12-26T16:10:15Z,3 Hours of Ambient Silent Hiking,"00:00 Switzerland https://youtu.be/egQL4W8BuUs
13:58 Washington https://youtu.be/gDrFyhjmxDk
23:05 Taiwan https://youtu.be/hEX-kEtiOuk
32:40 Yosemite https://youtu.be/FbOGEZIfPF0
40:52 Scotland https://youtu.be/Z6Lr0NPZ1L4
53:53 Everest Base Camp https://youtu.be/GoMPDzt2LGE
1:29:53 Canada https://youtu.be/Y_M720VmpQE
1:39:27 Nepal https://youtu.be/iMvgjOhdAl8
1:54:12 Maderia https://youtu.be/303rTtxf-Sc
2:20:36 New Zealand https://youtu.be/dmk7BN15Yso
2:30:36 Oregon https://youtu.be/5pOwEJlDo3E
2:40:44 New Zealand https://youtu.be/JUbUTZJ5ECk
2:51:24 Alaska https://youtu.be/8Ch2vBkVUQQ

Instagram - https://instagram.com/kraigadams
TikTok - https://tiktok.com/@kraigadams
Strava - https://strava.com/athletes/17703630
AllTrails - https://alltrails.com/members/kraig-adams",L-WauCNabfI,no location found,"[0, 0]"
16,2023-12-24T17:38:55Z,Favorite Hiking Gear,"00:00 Favorite Hiking Gear 2023
0:12 Hyperlite Southwest 2400 https://geni.us/dKgrXB
1:01 Hyperlite Waypoint 35 https://geni.us/X5e5
1:47 Arc'teryx Aerios 15 https://geni.us/JDZW
1:59 Nemo Hornet 1P Tent https://geni.us/fDJjk
2:19 Hyperlite Quilts https://geni.us/KHGea
2:39 Sleeping bag liner https://geni.us/i0TV
2:59 Therm-a-Rest NeoAir Xlite https://geni.us/c6Hg0l9
3:10 Hyperlite 8L bag https://geni.us/JMCBEAn
3:18 Sun Hoodie https://geni.us/tZF8G
3:34 Pyrenees Shirt https://geni.us/AgmEBoQ
4:08 Arc'teryx Beta AR https://geni.us/bJ1lMY
4:29 Waterproof spray https://geni.us/o6ad2i
4:41 Patagonia Nano Puff https://geni.us/DyWZPB
4:58 Patagonia Joggers https://geni.us/VLp8x
5:07 Path pants https://geni.us/Fxf4AyR
5:26 Shorts https://geni.us/0dBR
5:36 Running Hats https://geni.us/bwfpASy
5:59 Salomon Speedcross 5 https://geni.us/VdjIIrJ
6:18 Socks https://geni.us/D8G86
6:56 Goodr Sunglasses https://geni.us/TKH9
7:06 Camp shoes https://geni.us/7pvBT
7:24 Pillow https://geni.us/G14FHi
7:31 Umbrella https://geni.us/pHri
7:48 Microspikes https://geni.us/jrJYs
8:05 Black Diamond Trekking Poles https://geni.us/Mh66ip
8:20 Katadyn Water Filter Bottle https://geni.us/tr7r
8:44 Headlamp https://geni.us/ohD7
9:00 Jetboil https://geni.us/80mw0
9:06 Fork https://geni.us/Y4Soe
9:12 Flint and Steel https://geni.us/YTB8
9:23 Apple iPhone 14 Pro https://geni.us/VBTvrj6
9:50 Wilderness Wipes https://geni.us/h5u3
10:05 Noka Smoothies https://geni.us/EDCZb
10:10 Anker Portable Charger https://geni.us/89Cs8f
10:40 Sony A7Siii Camera https://geni.us/27nfSF
10:56 Sony 20-70mm f/4 https://geni.us/Bh3FO
11:03 Sony 16-35mm f/4 https://geni.us/5r1RH
11:12 Rode VideoMic Go II https://geni.us/aCUDg
11:17 Peak Design Strap https://geni.us/XA1iD
11:38 Tripod https://geni.us/ANvh7
12:02 Joby 3K Ballhead https://geni.us/BSKzC8E
12:35 Sony Battery Charger https://geni.us/ABVAK18
12:55 DJI Mini 3 Pro https://geni.us/wd9xYeN
13:10 Mini 3 Pro Two-Way Charging Hub https://geni.us/aaKYT
13:14 Intelligent Flight Battery Plus 47 Min https://geni.us/kWuMq
13:19 Editing Computer https://geni.us/RgMzk8
13:25 FCPX https://geni.us/cOLCp
13:36 SSD https://geni.us/q1Lxnd
13:55 Hard Drive https://geni.us/RIXw",kmxGNBol4jo,no location found,"[0, 0]"
17,2023-12-21T13:00:12Z,Hiking the Kepler Great Walk in New Zealand,"Hiking 40 miles on the Kepler Track Great Walk in New Zealand.  Started out with my friend Renee (https://instagram.com/wrenees) but continued the loop on my own.

00:00 Day 1 - Trailhead to Luxmore Hut (10 miles)
4:20 Day 2 - Iris Burns and Moturau Huts (22 miles)

Camera - https://geni.us/27nfSF
Lens - https://geni.us/STYp
Microphone - https://geni.us/aCUDg
Pack - https://geni.us/dKgrXB
Shirt - https://geni.us/tZF8G
Bottle - https://geni.us/d48anu
Shoes - https://geni.us/MliuYX9

Alltrails - https://alltrails.com/members/kraig-adams
Day 1 - https://alltrails.com/explore/recording/kepler-track-day-1-4b85256
Day 2 - https://alltrails.com/explore/recording/kepler-track-day-2-495dabf
Day 3 - https://alltrails.com/explore/recording/kepler-track-day-3-d35b05a

Strava - https://strava.com/athletes/17703630
Day 1 - https://strava.com/activities/10243224351
Day 2 - https://strava.com/activities/10243255418
Day 3 - https://strava.com/activities/10243290043

Instagram - https://instagram.com/kraigadams
TikTok - https://tiktok.com/@kraigadams
Podcast - https://open.spotify.com/show/4kp0CXGby5IDlrJxTlJzNC",JUbUTZJ5ECk,"Kepler Track, Te Anau, Southland, New Zealand","[0, 0]"
18,2023-12-14T15:28:09Z,Hiking the Rees-Dart Track in New Zealand,"Hiking 42 miles over 3 days on the Rees-Dart Track in New Zealand starting Nov 9th 2023

0:00 Day 1 - Trailhead to Rees Saddle (18 miles) https://alltrails.com/explore/recording/rees-dart-track-day-1-daea32a
4:28 Day 2 - Dart Hut to Daleys Flat Hut (12 miles) https://alltrails.com/explore/recording/rees-dart-track-day-2-56e6a93
8:50 Day 3 - Shuttle out at Chinamans Bluff (12 miles) https://alltrails.com/explore/recording/rees-dart-track-day-3-0fe9736
10:14 Why hike the Rees Dart Track
11:10 Renee https://instagram.com/wrenees
11:25 Elina https://instagram.com/elinasborne
11:37 Getting to the trailhead https://infotrack.co.nz
12:45 Day 1 Breakdown https://strava.com/activities/10243173727
13:52 Day 2 Breakdown https://strava.com/activities/10243199482
14:17 Day 3 Breakdown https://strava.com/activities/10243208077
14:35 When to visit New Zealand
15:26 Dutch
15:58 New Zealand travel videos
17:23 Podcast https://podcasters.spotify.com/pod/show/kraigadams

Camera - https://geni.us/27nfSF
Lens - https://geni.us/STYp
Microphone - https://geni.us/aCUDg
Pack - https://geni.us/dKgrXB
Shirt - https://geni.us/tZF8G
Bottle - https://geni.us/d48anu
Shoes - https://geni.us/MliuYX9

Instagram - https://instagram.com/kraigadams
TikTok - https://tiktok.com/@kraigadams
Podcast - https://podcasters.spotify.com/pod/show/kraigadams
Strava - https://strava.com/athletes/17703630
Alltrails - https://alltrails.com/members/kraig-adams",dmk7BN15Yso,"rees-dart track, new zealand","[0, 0]"
19,2023-10-30T17:13:36Z,Overnight Alone in the Three Fingers Lookout,"Hiking Guide and Behind the Scenes - https://youtu.be/WToBS1tbkxY
Podcast - https://open.spotify.com/episode/4wt5FLl240IPIpRSmz8GuA
Podcast video - https://youtu.be/sF-CTp3jNp0

00:00 Overnight Alone in the Three Fingers Lookout
0:30 Day 1 - Biking and hiking up to Lookout (18 miles) https://alltrails.com/explore/recording/afternoon-hike-at-three-fingers-via-goat-flats-trail-cb7c403
5:04 Day 1 - Inside the Three Fingers Lookout
8:23 Day 2 - Hiking and biking down from Lookout (17 miles) https://alltrails.com/explore/recording/morning-hike-at-three-fingers-via-goat-flats-trail-566a996-2

Camera - https://geni.us/27nfSF
Lens - https://geni.us/H3wcI
Microphone - https://geni.us/aCUDg

Pack - https://geni.us/dKgrXB
Shirt - https://geni.us/tZF8G
Bottle - https://geni.us/d48anu
Shoes - https://geni.us/MliuYX9

Instagram - https://instagram.com/kraigadams
TikTok - https://tiktok.com/@kraigadams
Strava - https://strava.com/athletes/17703630
Alltrails - https://alltrails.com/members/kraig-adams
Spotify - https://open.spotify.com/show/4kp0CXGby5IDlrJxTlJzNC
Apple - https://podcasts.apple.com/us/podcast/kraig-adams/id1661690561

Get 2 free months with Artlist - https://bit.ly/artlist-kraigadams
Sid Acharya - Journey
Sid Acharya - The Winter",gDrFyhjmxDk,"Three Fingers Lookout, Washington, United States","[0, 0]"
20,2023-08-30T18:00:17Z,Hiking Half Dome in Yosemite with Henry Golding,"00:00 Day 1 - Glacier Point to Half Dome (16 miles) https://alltrails.com/explore/recording/half-dome-hike-with-henry-c8b783b
7:07 Day 2 - Little Yosemite to Lodge (9 miles) https://alltrails.com/explore/recording/half-dome-with-henry-day-2-05546b0
8:43 Planning with Henry Golding https://instagram.com/henrygolding
11:04 Camping in Yosemite Valley
12:04 Hiking Half Dome
14:43 Back in NYC
15:40 Will I summit Mt Fuji
15:56 Favorite Hiking Gear
16:21 Editing footage ratio
16:53 Color Grading
17:40 Apartment Tour
18:37 Five year plan
19:05 Weather Spark
19:53 Next six months

Gear - https://linktr.ee/kraig
YouTube - https://youtube.com/kraigadams
Instagram - https://instagram.com/kraigadams
TikTok - https://tiktok.com/@kraigadams
Strava - https://strava.com/athletes/17703630
AllTrails - https://alltrails.com/members/kraig-adams",FbOGEZIfPF0,"Yosemite National Park, California, USA","[0, 0]"
21,2023-08-13T12:36:05Z,Hiking 40 miles on the Timberline Trail in Oregon,"00:00 Timberline Lodge https://alltrails.com/explore/recording/timberline-trail-day-1-56468d5
1:12 Ramona Falls - Day 1 (28 miles) https://alltrails.com/explore/recording/evening-hike-at-timberline-trail-around-mount-hood-239f914
7:33 Cloud Cap - Day 2 (14 miles) https://alltrails.com/explore/recording/timberline-trail-day-3-dca49d1
10:28 Panorama Ridge
12:36 Hanging in Vancouver with @Levi_Allen and @ifhtfilms 
13:00 @FeedingOffEachOther https://youtu.be/oWhueOZwolE
13:23 Timberline Trail behind the scenes
15:56 Portland

Instagram - https://instagram.com/kraigadams
TikTok - https://tiktok.com/@kraigadams
Strava - https://strava.com/athletes/17703630
Alltrails - https://alltrails.com/members/kraig-adams",5pOwEJlDo3E,"timberline lodge, government camp, oregon, united states","[0, 0]"
22,2023-08-05T18:00:14Z,Hiking the Howe Sound Crest Trail in Vancouver,"00:00 Day 1 - Lodge to Lions (6 miles) https://alltrails.com/explore/recording/howe-sound-crest-trail-day-1-41bfd20?p=-1&sh=droedc
3:36 Day 2 - Cyprus Park to Sound (13 miles) https://alltrails.com/explore/recording/howe-sound-crest-trail-day-2-4639475?p=-1&sh=droedc
9:39 Moving back to NYC
12:41 Camp Strava Event in LA https://strava.com/athletes/kraigadams
16:27 Switzerland https://youtu.be/egQL4W8BuUs
16:50 Scotland https://youtu.be/Z6Lr0NPZ1L4
18:44 Presidential Traverse https://strava.com/activities/9316904313
19:55 Creator Support https://youtu.be/CQb-E4-urx4
20:54 Threads https://threads.net/@kraigadams
21:55 Shokz https://shokz.co/KraigAdams
23:12 Pedialyte
24:17 Vancouver behind the scenes
27:41 Howe Sound Crest Trail Day 1 - https://alltrails.com/explore/recording/howe-sound-crest-trail-day-1-41bfd20?p=-1&sh=droedc
28:36 Howe Sound Crest Trail Day 2 - https://alltrails.com/explore/recording/howe-sound-crest-trail-day-2-4639475?p=-1&sh=droedc
29:12 Strava https://strava.com/athletes/kraigadams",Y_M720VmpQE,"howe sound crest trail, vancouver, british columbia, canada","[0, 0]"
23,2023-07-06T17:00:32Z,Hiking 100 miles on the West Highland Way in Scotland,"Spending 5 days hiking 100 miles on the West Highland Way in Scotland early June 2023

00:00 Hiking 100 miles on the West Highland Way in Scotland
00:22 Day 1 - Loch Lomond (38 miles) https://strava.com/activities/9228776499
03:45 Day 2 - Bridge of Orchy (29 miles) https://strava.com/activities/9234112933
06:39 Day 3 - Glencoe (23 miles) https://strava.com/activities/9239658277
09:22 Day 4 - Fort William (18 miles) https://strava.com/activities/9245472596
10:27 Day 5 - Ben Nevis (18 miles) https://strava.com/activities/9260521295
13:22 Video sponsored by Shokz #ad 
14:20 Behind the Scenes

Instagram - https://instagram.com/kraigadams
Strava - https://strava.com/athletes/17703630
Podcast - https://open.spotify.com/show/4kp0CXGby5IDlrJxTlJzNC

Shop for Shokz OpenFit Headphones:
US - https://shokz.co/KraigAdams
Canada - https://shokz.co/KraigAdamsCA",Z6Lr0NPZ1L4,"west highland way, scotland","[0, 0]"
24,2023-06-25T15:59:12Z,Hiking the Grand Tour des Dents du Midi in Switzerland,"00:00 Hiking the Tour des Dents du Midi in Switzerland
0:25 Day 1 - Saint Maurice (10 miles) https://strava.com/activities/9190306399
2:44 Day 2 - Auberge de Chindonne (12 miles) https://strava.com/activities/9194433015
5:40 Day 3 - Refuge de Bonavau (13 miles) https://strava.com/activities/9207818160
8:05 Day 4 - Col de Susanfe (19 miles) https://strava.com/activities/9207818597
14:00 Artlist
15:38 Behind the scenes https://instagram.com/kraigadams
17:50 Strava https://strava.com/athletes/17703630
18:50 Podcast - https://open.spotify.com/show/4kp0CXGby5IDlrJxTlJzNC

The Music I use in this video is from Artlist https://geni.us/Fs3NBC
An incredible platform with a huge variety of songs + SFX and unlimited licenses

https://artlist.io/song/114683/i-see-you-in-light
https://artlist.io/song/12888/slowly-understanding
https://artlist.io/song/12892/before-you-left
https://artlist.io/song/12889/breath-in
https://artlist.io/song/12887/laniakea
https://artlist.io/song/12884/ballerina
https://artlist.io/song/80917/liminal-spaces
https://artlist.io/song/65519/four-on-five
https://artlist.io/song/97421/the-beat-detector
https://artlist.io/song/104158/good-morning-sunshine-feat-mantrick",egQL4W8BuUs,"Dents du Midi, Saint Maurice, Switzerland","[0, 0]"
25,2023-05-24T12:00:41Z,"Trip to Cyprus - Paphos, Lofou Village, Pissouri Beach","Use code KRAIG for 30% off your first purchase of Seed’s DS-01® Daily Synbiotic - https://geni.us/Xbwlw6

Locations - https://goo.gl/maps/tJAJ7n97DWVGZEqt7
Instagram - https://instagram.com/kraigadams
Mica - https://instagram.com/mica_ba
Gear - https://linktr.ee/kraig
Camera - https://geni.us/27nfSF
Lens - https://geni.us/H3wcI
Microphone - https://geni.us/aCUDg
Drone - https://geni.us/wd9xYeN

00:00 Larnaca https://goo.gl/maps/XByk7y31wJkJx9EX8
0:10 Lazaris Bakery https://goo.gl/maps/tzP7aF31yDAJxMpt6
0:20 Menta Speciality Coffee https://goo.gl/maps/L7KpEEpLqzoiieWL9
0:30 Coral Beach Hotel & Resort https://goo.gl/maps/Ym8xDxzKThpoFzNR9
1:02 Tombs of the Kings https://alltrails.com/explore/recording/tomb-of-the-kings-02f063c
1:30 Paphos https://goo.gl/maps/ZrP842nqy1SN5idQ6
1:50 Sykaminia Cafe https://goo.gl/maps/QFTfqUt3YyyetNCm9
2:46 Avakas Gorge https://goo.gl/maps/YKZB3bm8aMX23FNu6
3:20 Lara Beach https://goo.gl/maps/59B7yUT7nKs2wvUD8
3:29 Akis Coffee Shop https://goo.gl/maps/dppXxeMN5KhaBwZW9
3:38 Sunset View Pittokopos https://goo.gl/maps/GT2SVgpedpD61eHQA
3:50 Moutti tis Sortiras https://goo.gl/maps/ST1AigVj8hY4R9ME8
4:14 Blue Lagoon https://goo.gl/maps/QPgFdyvaDPtBoVo5A
4:33 Baths Of Aphrodite Restaurant https://goo.gl/maps/2hcyuARdPtNKC9yL7
4:38 Lofou Village https://goo.gl/maps/f5E5ipvrxczV6ekx7
5:27 Apokryfo Hotel https://goo.gl/maps/L5wq7KHiM3wc2hZX7
6:08 Trooditissa Monastery https://goo.gl/maps/ciL5CZu742Z7agh36
6:24 Artemis Trail https://alltrails.com/explore/recording/afternoon-hike-67fe0f6--464
6:48 Cape Aspro https://alltrails.com/explore/recording/afternoon-hike-at-pissouri-trail-2b45c62
7:05 Columbia Beach Resort https://goo.gl/maps/j9maU5SepWLhmm2j8
7:40 Κourion Ancient Amphitheater https://goo.gl/maps/3GrYGZJ9mTqVVHnE8
7:56 Limassol https://goo.gl/maps/egNRbypVSdD4eVS99
8:43 Seed https://geni.us/Xbwlw6
9:48 Behind the scenes https://instagram.com/kraigadams

#kraigadams #ad  #accountable",ouFqjeOyFH0,"paphos, cyprus","[0, 0]"
26,2023-04-27T20:00:00Z,Hiking Alone on the Island of Madeira for 8 Days,"Visited the Island of Madeira, Portugal alone in April of 2023.  Spent 8 days relaxing, day hiking, driving around in a rental car and flying my drone.

Travel guide - https://youtu.be/Gcf-D1kl1zs
Locations - https://goo.gl/maps/PvsB8fELyFgcxDKk6
Camera - https://geni.us/27nfSF
Lens - https://geni.us/H3wcI
Microphone - https://geni.us/aCUDg
Drone - https://geni.us/wd9xYeN

00:00 Drone Intro https://geni.us/wd9xYeN
6:06 Funchal https://goo.gl/maps/YfiZTYsVJY2gAoRB6
7:18 Pico Grande hike https://alltrails.com/explore/recording/afternoon-hike-at-trilho-do-pico-grande-e-pico-jorge-c03afab
9:30 Valley of the Nuns https://goo.gl/maps/wHmQWds7iA5ukowL9
12:51 Pico do Areeiro to Pico Ruivo hike https://alltrails.com/explore/recording/pico-do-areeiro-to-pico-ruivo-1948522
18:35 Ponta do Sol https://goo.gl/maps/P5aNncnYQzU3Xkz19
19:24 Farol da Ponta do Pargo https://goo.gl/maps/2MnfCBkxaK6zSfCz5
19:46 Porto Moniz https://goo.gl/maps/RzG8VeWU42XucnN3A
20:08 Ribeira da Janela https://goo.gl/maps/JKw6dmbb44hbcYvb6
20:32 Fanal https://alltrails.com/explore/recording/afternoon-hike-at-miradouro-sobre-a-ribeira-funda-rocha-dos-ingleses-lagoa-do-fanal-5a2756a
21:42 Seixal https://goo.gl/maps/rcUrVhVvGarL6HFz6
22:58 Ponta Delgada https://goo.gl/maps/jt8HGcz14FLKncyZ6
23:12 Machico https://goo.gl/maps/VqAgMQwTVdgcVuik9
23:51 Levada do Caldeirão Verde https://alltrails.com/explore/recording/afternoon-hike-at-pr9-levada-do-caldeirao-verde-e-caldeirao-do-inferno-96ea64f
25:03 Ponta de São Lourenço hike https://alltrails.com/explore/recording/ponta-de-sao-lourenco-849a1c3
26:25 Santo da Serra Golf Club https://goo.gl/maps/2gQSz8Q48zGEJvoj8
27:20 Instagram https://instagram.com/kraigadams",303rTtxf-Sc,"madeira, portugal","[0, 0]"
27,2023-03-17T15:57:21Z,"5 Days in Mexico City - Roma Norte, Frida Kahlo Museum and Hiking Iztaccihuatl","In March 2023, my wife and I visited Mexico City
Locations - https://goo.gl/maps/qLNisBAnJ7RQjavs5

00:00 Mexico City Travel Guide
0:43 Flying to Mexico from Denver
1:00 Airalo eSIM https://ref.airalo.com/CtJw
1:07 Ardente https://goo.gl/maps/SXvT8ZnaNhRthXw79\
1:24 Airbnb https://airbnb.com/rooms/742883542505309391?source_impression_id=p3_1676667104_Cj7xvFTwtCFu5Ejx
1:47 Qūentin Café https://goo.gl/maps/miK7fqYRC5KsEv9BA
1:56 Café Milou https://goo.gl/maps/aDWKWQe2auoGTE5n8
2:00 Chapultepec Castle https://goo.gl/maps/6kcE73ztWSne5AYq9
3:00 Niddo Café https://goo.gl/maps/A2t8CMcrgzjuPg1g7
3:13 Plaza Río de Janeiro https://goo.gl/maps/9pwPzLZtkYQbxJY49
3:23 Buna - Café Rico https://goo.gl/maps/4RHTjvbC711JfhVYA
3:35 Panadería Rosetta https://goo.gl/maps/e2Zphh6TwTarSwVw5
3:40 Resiliente Bazar https://goo.gl/maps/5aDe9ExLe8UdAkeYA
3:51 Maximo https://goo.gl/maps/SYL6NJDtosrqttS36
4:12 Helados Cometa https://goo.gl/maps/6dWiRe3KC64QxiSr8
4:17 Four Seasons Hotel https://goo.gl/maps/hQDoDp2pi6GtvW8fA
4:31 Parque México https://goo.gl/maps/hYnnzMqAXYwB43Ci9
4:36 Churrería El Moro https://goo.gl/maps/ekhFh9e3VdV9uz4LA
4:53 Merkava https://goo.gl/maps/CJui2xZdgD4wbjM5A
5:17 Lardo https://goo.gl/maps/jVMBMxkKbXfnx8tRA
5:50 Cafe El Jarocho https://goo.gl/maps/fsC3pyPiwcem8TWY6
6:05 Allende Garden https://goo.gl/maps/91pEj5fo2Z4XX9MJ9
6:07 Frida Kahlo Museum https://goo.gl/maps/6cfPJBqbBipYahos8
6:49 Rutas Cafe Ciclista https://goo.gl/maps/YQvPdQhwWcDrTken7
7:08 Santero Apparel https://instagram.com/santero_apparel
7:33 Molino ""El Pujol"" https://goo.gl/maps/tLdfZ1BGEunFbxnK8
7:48 Alameda Central https://goo.gl/maps/ktMfJz2JRMapvS1H7
8:41 El Parnita https://goo.gl/maps/VMpJp7H3spGbydTs8
8:48 The Secret Donut Society https://goo.gl/maps/UoXXC7oXzmrtCemJ8
8:56 Qūentin Café https://goo.gl/maps/miK7fqYRC5KsEv9BA
9:11 Cody and Victoria https://instagram.com/codyandvictoria
9:23 Europcar CDMX Airport https://goo.gl/maps/c8xhP6LwUgSAQPzk9
9:49 Hacienda San Andrés Hotel https://goo.gl/maps/kVHvWx2Ycxy8eMCu7
11:50 Paso de Cortés https://goo.gl/maps/Cvz9g5VPtnDhcNFS6
12:03 Iztaccíhuatl Day 1 https://alltrails.com/explore/recording/iztaccihuatl-day-1-88479e3
14:06 Iztaccíhuatl Day 2 https://alltrails.com/explore/recording/iztaccihuatl-day-2-7cdace9
14:57 Thank you Waterdrop https://go.waterdrop.com/KraigAdams-microlytes",gaiZ50ffN1U,"mexico city, mexico","[0, 0]"
28,2023-03-07T14:00:21Z,Hiking the Highest Peak in Taiwan,"00:00 Drone Intro https://amzn.to/3S7ULOm
1:49 Meeting up with Curtis and Larry
2:07 4 hour drive to trailhead
2:24 7-Eleven https://goo.gl/maps/hW3TMtEsAnYF2nCm8
2:53 Yu-Shan National Park https://goo.gl/maps/dbmkpengNYh6Hxik9
3:37 Trailhead Police Station https://goo.gl/maps/TA4Ut449XqXDJxbb8
3:52 Yushan Trailhead https://goo.gl/maps/3atnDGGdQ2ZTZotG8
4:08 Day 1 - Trailhead to Paiyun Lodge (5 miles) https://alltrails.com/explore/recording/afternoon-hike-8c7bbbb--332
6:50 Day 2 - Paiyun Lodge to Summit (11 miles) https://alltrails.com/explore/recording/yushan-taiwan-day-2-14c4f36
9:29 Tataka Visitor Center https://goo.gl/maps/J8eG2qwTCrJmJbZF9
9:47 Why did I visit Taiwan?
10:22 Which route did you take? https://alltrails.com/explore/map/map-september-27-2022-1684115
12:57 How much did this hike cost?
13:33 Who did I hike with? https://instagram.com/boyuanlu https://instagram.com/curtissho
14:53 How did you shoot this video? https://linktr.ee/kraig
16:12 Instagram https://instagram.com/kraigadams
16:26 Thanks Taiwan Pitch https://taiwanpitch.com

For more exciting series about Taiwan, visit https://taiwanPlus.com and follow or subscribe TaiwanPlus on social platforms #TaiwanPlus #TaiwanPitch",hEX-kEtiOuk,"yushan national park, taiwan","[0, 0]"
29,2023-03-04T13:43:24Z,"8 Days in Taiwan - Jiufen, Taipei and Houtong Cat Village","Travel vlog from my trip to Taiwan back in Oct 2022

 00:00 Flying to Taiwan Taoyuan International Airport https://goo.gl/maps/Bd3E2oke8Mhf1VkA8
01:00 Mandatory Quarantine Hotel https://goo.gl/maps/5xtcfU73P754PuL96
2:38 Walking around Dihua Street https://goo.gl/maps/L8QTkwHve29nvrhm6
3:22 Triangle Garden Cafe https://goo.gl/maps/mGgftUbBo3b43Deb6
3:50 Liu Shandong Beef Noodles https://goo.gl/maps/TWfMz8KuETgDcgBn9
4:20 The Little Rock https://goo.gl/maps/HLAtj1WKZXW5UuzB7
5:23 Ningxia Night Market https://goo.gl/maps/5W567yDwSqBvMpfJ6
5:53 Hanging out with @CurrentlyHannah
6:14 Huashan 1914 Creative Park https://goo.gl/maps/TQdGnqybMcYJD6jS9
6:22 Paper St. Coffee Company https://goo.gl/maps/WFqC4khcRhAYtL7c9
6:26 Jianguo Jade Market https://goo.gl/maps/4VULawVviV35bRZcA
6:35 Jianguo Holiday Flower Market https://goo.gl/maps/fsPxKrnbTLrkcqPy5
6:42 Yaboo Cafe https://goo.gl/maps/kRKRFtiDdAUnsKda7
6:48 Smoothie House https://goo.gl/maps/4xK8kv7A1V2U52qM9
7:10 Din Tai Fung https://goo.gl/maps/HEkuw1girCLc6nNk7
7:52 Hermit's Hut https://goo.gl/maps/TH7UCSzXiZs4eJRi9
8:18 Eslite Spectrum Nanxi https://goo.gl/maps/fuhQ2dPHtuNC7jAf9
9:33 Main Train Station https://goo.gl/maps/uXX9VC9Kh6q8sLjW6
10:06 Houtong Cat Village https://goo.gl/maps/Qvxh4eggkGwQs5at5
11:26 Hide & Seek Café https://goo.gl/maps/EvYWKUPAJ52cesoTA
12:07 Jishan St Jiufen https://goo.gl/maps/zC9rmUn8Z1GqfKhJ6
12:38 A-MEI Tea House https://goo.gl/maps/cC5JG6cy9C4cHNrL7
12:46 Mount Keelung Trail https://goo.gl/maps/SqjNELySf8gYBEU3A https://alltrails.com/explore/recording/afternoon-hike-at-mount-keelung-trail-b0b183c
13:52 Sip Coffee 咖啡 https://goo.gl/maps/AhakwhMjNi8cSoVR6
14:04 Serenity https://goo.gl/maps/qbhhvzjVaQzQRX64A
14:15 Liberty Square https://goo.gl/maps/yuoz3xP2kuZHMSAJA
14:41 Sounds Good Cafe https://goo.gl/maps/9emj82PLxVxjaaqK8
14:51 Instagram https://instagram.com/kraigadams
15:10 Thanks Taiwan Pitch https://taiwanpitch.com

For more exciting series about Taiwan, visit https://taiwanPlus.com and follow or subscribe TaiwanPlus on social platforms #TaiwanPlus #TaiwanPitch",Qk_fn3W7TnM,"taiwan, no location found","[0, 0]"
30,2022-12-28T22:23:44Z,Life update from Denver,"00:00 iPhone 14 Pro Launch Day
0:20 Garden of the Gods
0:51 Bear Creek Dog Park
1:32 Meow Wolf
1:54 OnlyNY
2:57 Yon Kippur 
3:41 First Fall in Denver
4:48 Thanksgiving in Virginia
5:43 Visiting NYC
7:31 Winter in Denver
8:25 Trip to Israel
11:37 Christmas in Denver",aIJoccxOE6Q,"denver, colorado, united states","[0, 0]"
31,2022-11-22T16:00:17Z,Hiking 100 Miles on the Manaslu Circuit Trek in Nepal,"Trekking in Nepal on the Manaslu Circuit early November of 2022 with a group of subscribers. 
Manaslu Route - https://strava.com/routes/3028695005119842314
Vagabond Trails - https://vagabond-trails.com/nepal-manaslu-kraig-adams-2022
Musicbed - https://fm.pxf.io/YgPgaq

00:00 Overview
3:53 Kathmandu sightseeing tour and trek preparation day
7:23 9 hour drive to Machha Khola
9:28 Day 1 - Trailhead to Jagat (9.3 miles) https://alltrails.com/explore/recording/day-1-manaslu-circuit-04a1bf2
14:02 Day 2 - Deng (12 miles) https://alltrails.com/explore/recording/afternoon-hike-at-manaslu-circuit-5751ec3
18:26 Day 3 - Ghap (6 miles) https://alltrails.com/explore/recording/day-3-manaslu-circuit-84cdde8
22:30 Day 4 - Lho (11 miles) https://alltrails.com/explore/recording/manaslu-circuit-day-4-2f73168
26:47 Day 5 - Samagaon (4.3 miles) https://alltrails.com/explore/recording/manaslu-circuit-day-5-d7e77c8
31:08 Day 6 - Acclimatization day hike to Manaslu Basecamp (9 miles) https://alltrails.com/explore/recording/day-hike-manaslu-circuit-0777acf
34:33 Day 7 - Samdo (5 miles) https://alltrails.com/explore/recording/morning-hike-at-manaslu-circuit-9b8f077
37:36 Day 8 - Larkya Rest House (5 miles) https://alltrails.com/explore/recording/day-8-manaslu-circuit-e9dae45
41:42  Day 9 -  Bimthang over Larkya Pass (12 miles) https://alltrails.com/explore/recording/day-8-manaslu-circuit-big-pass-b299ad8
46:16 Day 10 - Dharapani (16 miles) https://alltrails.com/explore/recording/afternoon-hike-at-manaslu-circuit-a57e891
50:05 5 hour drive to Besisahar
52:19 Behind the scenes 

Waterdrop Microlytes - https://go.waterdrop.com/KraigAdams-microlytes
Use code ""KRAIG15"" for a special discount

North Face Summit Series Breithorn Hoodie - https://geni.us/u2fAY6h
North Face ThermoBall™ Traction Booties - https://geni.us/CVzU

Video sponsored by Waterdrop #ad
Video sponsored by The North Face #ad 
#kraigadams",WH_AgfLedbE,"manaslu circuit, nepal","[0, 0]"
32,2022-10-29T13:28:07Z,10 days in Patagonia,"00:00 Denver, Colorado
1:16 El Calafate, Argentina
3:14 El Chatlen, Argentina https://alltrails.com/explore/recording/afternoon-hike-at-cerro-torre-lookout-85e5526
5:27 Laguna de los Tres Trek https://alltrails.com/explore/recording/afternoon-hike-at-torres-del-paine-viewpoint-via-las-torres-a-chileno-trail-bf2fb7d
8:54 Puerto Natales, Chile
10:20 Torres Del Paine, Chile https://alltrails.com/explore/recording/afternoon-hike-at-refugio-torre-central-laguna-inge-55fd136
13:06 Perito Moreno Glacier Walkways https://alltrails.com/explore/recording/afternoon-hike-at-perito-moreno-glacier-big-ice-b2303e9
13:58 Glacier walk https://alltrails.com/explore/recording/afternoon-hike-at-perito-moreno-glacier-big-ice-ca1d315
16:40 Buenos Aires, Argentina
17:26 San Telmo
18:24 La Boca
21:44 Sasha
22:20 Storyblocks https://storyblocks.com/kraigadams
23:45 Behind the scenes
28:14 Instagram - https://instagram.com/kraigadams",epM-GRYQpsE,"el calafate, argentina  
el chaltén, argentina  
puerto natales, chile  
torres del paine, chile  
buenos aires, argentina  
san telmo, buenos aires, argentina  
la boca, buenos aires, argentina  ","[0, 0]"
33,2022-09-16T14:00:14Z,Making a Home in Denver,"00:00 Gold Hill Inn
0:50  The Weekend
2:40 Anderson Farms
4:11 After Peru Trip
5:46 Taiwan Visa
7:48 Labor Day
9:09 Boulder Day Trip
10:35 Mica's Birthday Hike
11:20 Stir Cooking Class",WJd4SYcqbX8,"gold hill inn, gold hill, colorado, usa","[0, 0]"
34,2022-09-05T14:00:30Z,Hiking 80 Miles on the Cordillera Huayhuash Peru,"11 days hiking with a small group of subscribers in August of 2022

00:00 Traveling to Peru
01:48 Laguna Rajucolta https://alltrails.com/explore/recording/afternoon-hike-at-laguna-rajucolta-e1e1f66
3:53 Prep Day in Huaraz https://quechuandes.com
4:34 Day 1 Chiquian https://alltrails.com/explore/recording/warm-up-day-0-5cbdfd0
5:56 Day 2 https://alltrails.com/explore/recording/day-2-huayhuash-872694b
7:34 Day 3 https://alltrails.com/explore/recording/day-3-huayhuash-dcf6070
9:13 Day 4 Tres Lagunas https://alltrails.com/explore/recording/day-4-huayhuash-a600bd1
12:32 Day 5 Hot Springs https://alltrails.com/explore/recording/day-5-huayhuash-9f4b4f2
13:54 Day 6 https://alltrails.com/explore/recording/day-6-huayhuash-73a427b
16:17 Day 7 Touching the Void https://alltrails.com/explore/recording/day-7-huayhuash-b32e876
18:32 Day 8 Huayllapa https://alltrails.com/explore/recording/day-8-huayhuash-9be40ce
20:09 Day 9 https://alltrails.com/explore/recording/day-9-huayhuash-82cadb0
21:09 Day 10 Pachamama https://alltrails.com/explore/recording/day-10-huayhuash-1175def
23:41 Day 11 https://alltrails.com/explore/recording/day-11-huayhuash-c2839be
25:04 Behind the scenes",YbBTO9wtOH8,"cordillera huayhuash, peru","[0, 0]"
35,2022-08-17T13:14:02Z,Running the Tour Du Mont Blanc in 6 Days,"00:00 Alone in Switzerland
1:42 Day trip to Annecy France
2:40 Geneva with my Brother Kurtis
4:54 Meeting the group in Chamonix
5:45 Day 1 Les Contamines https://alltrails.com/explore/recording/afternoon-hike-at-tour-du-mont-blanc-tmb-25b2822
8:52 Day 2 Les Mottets https://alltrails.com/explore/recording/afternoon-hike-at-tour-du-mont-blanc-tmb-e0c6411
11:25 Day 3 Courmayeur https://alltrails.com/explore/recording/afternoon-hike-at-tour-du-mont-blanc-tmb-6f61118
14:52 Day 4 La Fouly https://alltrails.com/explore/recording/afternoon-hike-at-tour-du-mont-blanc-tmb-c44799b
18:25 Day 5 Trient https://alltrails.com/explore/recording/afternoon-hike-at-tour-du-mont-blanc-tmb-4800deb
21:07 Day 6 Chamonix https://alltrails.com/explore/recording/afternoon-hike-at-tour-du-mont-blanc-tmb-29e1c59

Full route on Strava - https://strava.app.link/98JE6MrwdPb",Ro8_ryKoWw4,"chamonix, france","[0, 0]"
36,2022-08-11T14:00:07Z,Hiking 60 Miles Alone In Grindelwald Switzerland,"00:00 Intro
07:01 Day 1 - Interlaken to Schynige Platte (7 miles) https://alltrails.com/explore/recording/day-1-tour-of-the-jungfrau-region-357cfba
11:42 Day 2 - Bachalpsee to Grindelwald (24 miles) https://alltrails.com/explore/recording/day-2-tour-of-the-jungfrau-region-7467fc4
22:26 Day 3 - Eigergletscher to Lauterbrunnen (18 miles) https://alltrails.com/explore/recording/day-3-tour-of-the-jungfrau-region-9af08cd
29:20 Day 4 - Murren to Interlaken (15 miles) https://alltrails.com/explore/recording/day-4-tour-of-the-jungfrau-region-a0872cc
32:30 Updates and map https://alltrails.com/explore/map/map-august-10-2022-71887f6",E9lrZnbnvGE,"grindelwald, switzerland","[0, 0]"
37,2022-07-23T12:00:10Z,"12 Days in Southern Iceland - Reykjavik, Black Sand Beaches and Vatnajokull Glacier","00:00 Solo in Reykjavik
2:53 Hiking Laugavegur/Fimmvörðuháls
5:53 Group trip with YouTube Subscribers",L4tE0hu5G_Y,"reykjavik, reykjavik, iceland","[0, 0]"
38,2022-07-19T13:12:39Z,Hiking 60 miles on the Laugavegur Trail in Iceland,"00:00 Drone Intro
2:21 Landmannalaugar (Day 1) https://alltrails.com/explore/recording/laugavegur-day-1-573f7f2
11:00 Thórsmörk (Day 2) https://alltrails.com/explore/recording/laugavegur-day-2-5ecf33f
17:06 Fimmvörðuháls Day 3) https://alltrails.com/explore/recording/evening-hike-at-fimmvorduhals-laugavegur-skogar-landmannalaugar-5383c73
24:11 Skógafoss
24:50 Guide and Behind the Scenes",fobPZUF3VSY,"landmannalaugar, iceland","[0, 0]"
39,2022-07-11T14:00:32Z,Silent Hiking Longs Peak in Colorado,"00:00 Day 1 - Trailhead to Boulderfield (9 miles) https://alltrails.com/explore/recording/long-peak-day-1-hike-to-boulderfield-camp-a8eaf88
6:54 Day 2 - Boulderfield to Peak
11:07 Thank you NordVPN https://nordvpn.com/kraig
12:27 Getting to the trailhead and permits
13:42 Itinerary and difficulty
16:55 Filmmaking gear
17:24 Upcoming trips",lDTiQs9LCs0,"longs peak, estes park, colorado, united states","[0, 0]"
40,2022-07-01T14:00:16Z,Moving to Colorado,"00:00 Leaving New York City
1:08 First few days in Denver
4:09 Mt Evans
5:00 Surprising my brother on the CDT
7:27 First few weeks in Denver
9:46 Why we moved
10:58 Our first month in Denver
11:11 Hiking with Mica and Sasha
12:07 Thoughts on vlogging
13:18 What's next",XuABnNEox8Q,"denver, colorado, united states","[0, 0]"
41,2022-06-15T22:00:01Z,Hiking 40 Miles in the Enchanted Valley,"00:00 Day 1 - Graves Creek to O'Neil Creek (9 miles) https://alltrails.com/explore/recording/afternoon-hike-at-enchanted-valley-with-o-neil-pass-loop-and-anderson-glacier-trek-5301c4d
4:00 Day 2 - O'Neil Creek to Enchanted Valley (11 miles) https://alltrails.com/explore/recording/afternoon-hike-at-enchanted-valley-with-o-neil-pass-loop-and-anderson-glacier-trek-4f05d48
10:39 Day 3 - Anderson Pass (11 miles) https://alltrails.com/explore/recording/evening-hike-at-enchanted-valley-with-o-neil-pass-loop-and-anderson-glacier-trek-c115ba9
17:44 Day 4 - Enchanted Valley to O'Neil Creek (8 miles) https://alltrails.com/explore/recording/afternoon-hike-at-enchanted-valley-with-o-neil-pass-loop-and-anderson-glacier-trek-5d2c2ce
19:42 Day 5 - O'Neil Creek to Graves Creek (9 miles) https://alltrails.com/explore/recording/afternoon-hike-at-enchanted-valley-with-o-neil-pass-loop-and-anderson-glacier-trek-48a79bc
21:00 Thank you Shokz https://shop.shokz.com/kraig-adams
23:05 Hiking guide and behind the scenes
44:02 Updates and future trips",7N9Pu_6_sdk,"olympic national park, washington, usa","[0, 0]"
42,2022-05-13T12:00:32Z,Hiking the Salkantay Trek in Peru,"00:00 Overview
2:37 Day 1 https://alltrails.com/explore/recording/salkantay-trek-day-1-78421a2
3:47 Humantay Lake https://alltrails.com/explore/recording/salkantay-trek-laguna-on-day-1-f937c8f
5:10 Day 2 https://alltrails.com/explore/recording/salkantay-trek-day-2-6c990b7
11:43 Day 3 https://alltrails.com/explore/recording/salkantay-trek-day-3-1b35666
13:27 Aguas Calientes
14:08 Machu Picchu https://alltrails.com/explore/recording/machu-picchu-hike-to-the-entrance-5dcd0dd
16:00 Hiking Guide",iZZCst-1BWE,"salkantay trek, peru","[0, 0]"
43,2022-04-29T19:47:39Z,Getting Married,"0:00 Honeymoon in Israel
7:29 NYC Elopement
8:12 Wedding Photos
9:58 Our Trip to Israel
11:04 Why I Shoot Home Vlogs
14:20 Moving to Denver
18:00 Plans for 2022",eDz6fhsXmtA,no location found,"[0, 0]"
44,2022-04-06T13:00:07Z,Hiking the Fairyland Loop in Bryce Canyon National Park,"0:00 Fairyland Loop Trail
5:06 Navajo Loop and Queen's Garden Trail
7:21 Thank you Blinkist
8:58 Hiking Guide and Behind the Scenes",Haeh8CpH44E,"Bryce Canyon National Park, Bryce, Utah, United States","[0, 0]"
45,2022-03-29T13:00:00Z,Hiking Alone in Capitol Reef National Park Utah,"00:00 Chimney Rock Trail https://alltrails.com/explore/recording/chimney-rock-loop-trail-cc3f546
2:45 Frying Pan Trail https://alltrails.com/explore/recording/frying-pan-trail-and-grand-wash-trail-43975bc
7:10 Behind the scenes",-ffG78PljT4,"Capitol Reef National Park, Torrey, Utah, United States","[0, 0]"
46,2022-03-08T14:00:29Z,Proposing to my Girlfriend in Guatemala,"00:00 Antigua
2:14 La Fortuna Hotel on Atitlan Lake
4:14 San Juan
5:12 Proposal
6:14 Atitlan Volcano Hike",pj6lt0gvJQM,"La Fortuna Hotel, Lake Atitlan, San Juan, Guatemala","[0, 0]"
47,2022-02-21T13:38:16Z,"Trip to Portugal, Fall and Winter with Sasha in NYC","00:00 First time traveling to Portugal
2:56 New York City
3:26 Packing for Nepal
4:03 Fall in the East Village
5:31 Thanksgiving in Virginia
5:43 Sasha
6:13 Christmas
7:25 Snow in NYC
8:49 31st Birthday
10:13 Scribner's Lodge Upstate",5_Y8NfvNykw,no location found,"[0, 0]"
48,2021-12-25T22:16:01Z,Favorite Hiking Gear,"0:00 Hyperlite 2400 Southwest - https://geni.us/dKgrXB
1:13 Nemo Hornet 1P Tent - https://geni.us/F7vu
1:26 UGQ Bandit 20F Sleeping Quilt - https://geni.us/9LJUXCB
1:36 Sleeping Liners - https://geni.us/FFP9
2:00 Therm-a-rest NeoAir Xlite Sleeping Pad - https://geni.us/c6Hg0l9
2:21 Klymit Inflatable Pillow - https://geni.us/vBQkj0
2:29 LED Headlamp - https://geni.us/ohD7
2:42 Garmin inReach Mini GPS - https://geni.us/wxpWbW2
3:01 Katadyn BeFree Water Filter Bottle - https://geni.us/tr7r
4:00  Jetboil MicroMo Stove - https://geni.us/KIFSWH
4:21 Sea-to-Summit Wilderness Wipes - https://geni.us/WIosL
4:33 Bear Vault - https://geni.us/MF1gZN
4:57 Six Moon Design Mini Umbrella - https://geni.us/gwvGu
5:34 Trekking Poles - https://geni.us/WsQwT3
5:59 Microspikes - https://geni.us/mkz8H
6:37 Patagonia Black Hole 40L Duffel - https://geni.us/WaUIk
6:58 Sunhoodie - https://geni.us/tZF8G
7:37 Hiking Shorts - https://geni.us/YbcnSnE
7:44 Patagonia Nanopuff Jacket - https://geni.us/oWoI
8:09 North Face Resolve 2 Jacket - https://geni.us/1z0B2L
8:24 Patagonia Terrebonne Joggers - https://geni.us/dPtb4wk
8:44 People Socks - https://geni.us/AOuPa2O
9:00 Brooks Cascadia 16 Trail Running Shoes - https://geni.us/XPC0QM
9:33 White Running Cap - https://geni.us/J0C1D
9:48 Warby Parker Sunglasses - https://geni.us/4g71Jc
9:51 Muji Winter Hat - https://geni.us/59Kg4
10:41 Sony A7SIII Camera - https://geni.us/Diby
10:58 Sony 20mm f/1.8 Lens - https://geni.us/p52QS3F
11:52 Rode VideoMic NTG Shotgun Microphone - https://geni.us/mZXfna
12:11 Joby 3K on SIRUI Carbon Fiber Tripod - https://geni.us/99g80BG
12:45 Peak Design Cuff Strap - https://geni.us/SNjOo7
13:06 Sandisk 256GB SD Cards - https://geni.us/eIyPZE
13:13 Sony Z Camera Batteries - https://geni.us/TJdzX5f
13:26 Sony Battery Double Charger - https://geni.us/xszo
13:32 Apple iPhone 12 Max Pro - https://geni.us/Hst4o
13:34 Portable 10,000mAh Battery - https://geni.us/bqIMBu
13:37 AirPods - https://geni.us/A1wYG
13:48 Sea-to-Summit View 4L Dry Bags - https://geni.us/GeTJ7
14:01 DJI Mavic Air 2S - https://geni.us/WJqN7
14:13 Apple 2020 MacBook Air M1 - https://geni.us/RgMzk8
14:38 Remember that gear isn't the most important thing about hiking
14:59 Q&A Streams
15:09 Watching your silent hiking videos
15:43 2022 Hiking Trip Schedule
16:10 Hiking Videos with my Puppy Sasha
17:25 Follow me on Tiktok - https://www.tiktok.com/@kraigadams
17:43 Follow me on Instagram - https://instagram.com/kraigadams",ED6cFXOd5iA,no location found,"[0, 0]"
49,2021-11-18T19:55:59Z,3 Hours of Ambient Silent Hiking,"00:00 Mount Marcy Loop Hike in the Adirondacks https://youtu.be/Nn6-uMinE_o
15:33 Hiking 25 Miles on the Grand Canyon Tonto Trail https://youtu.be/hg6EggpwMYI
27:17 Hiking to Humphreys Peak in Arizona https://youtu.be/6V7fUPqsuBY
32:14 Angels Landing Hike in Zion National Park https://youtu.be/Jjoc-M5gqtg
35:30 Hiking 20 Miles to Reflection Canyon Utah https://youtu.be/vju4pIWL3Dc
42:29 Solo Hiking Acatenango Volcano in Guatemala https://youtu.be/hi8LH-G_GLQ
45:10 Solo Hiking 40 Miles in Los Nevados Colombia https://youtu.be/uW6vxPI8Pf8
1:07:34 Hiking 20 Miles Alone in Big Bend National Park https://youtu.be/1xqLPRwLjeQ
1:16:45 Solo Hiking the Mt Whitney Trail https://youtu.be/cs0NSVmWN4k
1:24:19 Solo Hiking Laguna 69 in Peru https://youtu.be/u21HDJNC4J8
1:33:57 Solo Hiking 50 Miles on Alta Via 2 Dolomites Italy https://youtu.be/WKcnvPDgifA
2:13:40 Solo Hiking 40 Miles on Four Pass Loop Colorado https://youtu.be/3jbJ-dK-iok
2:28:18 Hiking to Everest Base Camp in Nepal https://youtu.be/GoMPDzt2LGE",PyQQJWmV1LE,no location found,"[0, 0]"
50,2021-11-09T15:00:21Z,Hiking to Everest Base Camp,"9 Days hiking to Everest Base Camp in Nepal late October of 2021 with a small group of international YouTubers during filming of a reality tv challenge show

Behind the scenes - https://youtu.be/Mo0o7bIp4-A
Map - https://alltrails.com/explore/map/hiking-50-miles-to-everest-base-camp-in-nepal-c3535fe

00:00 Drone - https://amzn.to/4jE67XY
05:14 Kathmandu
05:30 Lukla (Day 1) https://alltrails.com/explore/recording/everest-base-camp-trek-day-1-840d68c
8:47 Hillary Bridge (Day 2)  https://alltrails.com/explore/recording/everest-base-camp-trek-afdec70
13:46 Namche Bazaar (Day 3) https://alltrails.com/explore/recording/everest-base-camp-trek-f75dddd
16:45 Namche Bazaar again (Day 4) https://alltrails.com/explore/recording/hike-to-challenge-ebc-day-5-75df636
17:43 Khumjung (Day 4) https://alltrails.com/explore/recording/after-challenge-hike-to-hotel-8f2f470
19:22 Tengoche (Day 5) https://alltrails.com/explore/recording/everest-base-camp-trek-day-6-morning-8ae5780
21:04 Pangboche (Day 5) https://alltrails.com/explore/recording/everest-base-camp-trek-day-6-late-morning-ebb87fa
22:35 Pheriche (Day 6) https://alltrails.com/explore/recording/everest-base-camp-trek-day-8-morning-0336dcb
24:38 Gorak Shep (Day 7) https://alltrails.com/explore/recording/everest-base-camp-trek-day-9-big-solo-push-a82d922
32:56 Everest Base Camp (Day 8) https://alltrails.com/explore/recording/everest-base-camp-trek-41d80bf
35:11 Helicopter at Pheriche (Day 8) https://alltrails.com/explore/recording/everest-base-camp-trek-down-to-heli-077fd57",GoMPDzt2LGE,no location found,"[0, 0]"
51,2021-10-06T19:38:09Z,Solo Hiking 40 Miles on Four Pass Loop Colorado,"Hiked in late September 2021

00:00 Day 1 - Snowmass Village to Willoughby Mt (6 miles) https://alltrails.com/explore/recording/four-pass-loop-hike-in-from-car-cf5530d
1:08 Day 2 - Willoughby Mt to Belleview Mt (16 miles) https://alltrails.com/explore/recording/four-pass-loop-day-1-46936ad
10:38 Day 3 - Belleview Mt to Buckskin Pass (11 miles) https://alltrails.com/explore/recording/four-pass-loop-day-3-e0e2b58
17:03 Day 4 - Buckskin Pass to Snowmass Lake (11 miles) https://alltrails.com/explore/recording/four-pass-loop-last-day-0459f8e?u=i
19:03 Thank you Musicbed
19:52 Hiking itnerary and map https://alltrails.com/explore/map/map-sep-22-04-38-pm-1afa34a
28:26 Filmmaking and hiking gear",3jbJ-dK-iok,"snowmass village, colorado, united states","[0, 0]"
52,2021-08-25T13:00:20Z,Catskills Roadtrip with Sasha and Trip to Iceland,"00:00 Scribner's Lodge
3:25 Bear Mountain
4:07 Venice, Italy
5:09 New York City
7:28 Reykjavík Iceland
9:27 Golden Circle Tour
10:36 Blue Lagoon
12:01 Fagradalsfjall Volcano
12:46 Isafjordur
13:39 Laugavegur",rd-lP0srypk,no location found,"[0, 0]"
53,2021-08-07T15:27:33Z,Silent Hiking 50 Miles on Alta Via 2 Dolomites Italy,"00:00 Overview
5:48 Day 1 https://alltrails.com/explore/recording/alta-via-2-day-1-6e4243f
13:11 Day 2 https://alltrails.com/explore/recording/evening-hike-c5ff254--53
21:59 Day 3 https://alltrails.com/explore/recording/alta-via-2-italy-day-3-6213a89
29:43 Day 4 https://alltrails.com/explore/recording/alta-via-2-italy-day-4-700fdb2
34:47 Day 5 https://alltrails.com/explore/recording/alta-via-2-italy-day-5-677fa40
39:45 Behind the Scenes
45:20 Itinerary https://alltrails.com/explore/map/map-jul-20-07-36-pm-456ac9b
1:23:02 Hiking and filmmaking gear
1:24:17 Bloopers
1:25:47 Musicbed",WKcnvPDgifA,"Dolomites, Italy","[0, 0]"
54,2021-07-09T12:58:28Z,Life in Brooklyn,"0:00 New York City
2:35 Visiting my Hometown Bloomfield, NY
4:15 Getting our mini Australian Shepard puppy Sasha",pNTfIU1rq-Q,"brooklyn, new york, usa","[0, 0]"
55,2021-06-22T22:35:27Z,Solo Hiking Laguna 69 in Peru,"00:00 Overview
2:13 Flying to Peru
2:45 Huaraz Peru
3:25 Getting to the trailhead
4:31 Day 1 - Chinan Cocha to Refugio Peru (7 miles) https://alltrails.com/explore/recording/afternoon-hike-440924c--163
8:15 Day 2 - Refugio Peru to Laguna 69 (8 miles) https://alltrails.com/explore/recording/laguna-69-day-two-b075703
12:36 Meet our new puppy Sasha
13:18 Thank you Wren 
14:39 Hiking guide and map - https://alltrails.com/explore/map/laguna-69-loop-b0b07fe",u21HDJNC4J8,"Laguna 69, Huaraz, Ancash, Peru","[0, 0]"
56,2021-04-26T19:29:49Z,Silent Hiking 20 Miles on the Mt Whitney Trail,"00:00 Day 1 - Whitney Portal to Trail Camp (7 miles) https://alltrails.com/explore/recording/mount-whitney-trail-13f9896
4:06 Day 2 - Trail Camp to Mt Whitney Summit (14 miles) https://alltrails.com/explore/recording/mount-whitney-trail-25ef0d8
7:35 Hiking Guide and Behind the Scenes - https://alltrails.com/explore/map/sun-25-apr-2021-14-43-14ad095
13:58 Bloopers
14:54 Instagram https://instagram.com/kraigadams",cs0NSVmWN4k,"mt whitney trail, lone pine, california, united states","[0, 0]"
57,2021-04-15T11:38:35Z,Hiking 20 Miles Alone in Big Bend National Park,"00:00 Day 1 - Chisos Basin to Emory Peak (18 miles) https://alltrails.com/explore/recording/afternoon-hike-0aae0fe--119
4:35 Day 2 - Boot Canyon to South Rim (9 miles) https://alltrails.com/explore/recording/morning-hike-cdf1e28--60
09:15 Behind the Scenes",1xqLPRwLjeQ,"big bend national park, texas, usa","[0, 0]"
58,2021-03-26T21:48:19Z,Solo Hiking 40 Miles in Los Nevados Colombia,"00:00 Introduction
1:11 Salento
4:51 Valle de Cocora
5:40 Day 1 - Cocora to La Primavera (13 miles) https://alltrails.com/explore/recording/nevado-del-tolima-via-valle-del-cocora-20ba7f8
11:04 Day 2 - La Primavera to Termales del Canon (10 miles) https://alltrails.com/explore/recording/nevado-del-tolima-via-valle-del-cocora-8485ae3
16:14 Hot springs
17:01 Day 3 - Termales del Canon to Juntas (15 miles) https://alltrails.com/explore/recording/nevado-del-tolima-via-valle-del-cocora-ecd1b05
20:05 Coffee Farm
22:27 Behind the Scenes and map https://alltrails.com/explore/map/fri-26-mar-2021-14-15-748ba69",uW6vxPI8Pf8,"los nevados, colombia","[0, 0]"
59,2021-01-05T17:48:15Z,Hiking to Acatenango Volcano in Guatemala,"00:00 Day 1 https://alltrails.com/explore/recording/acatenango-volcano-08f36fc
11:55 Day 2 https://alltrails.com/explore/recording/acatenango-volcano-142949d",hi8LH-G_GLQ,"acatenango volcano, antigua, guatemala","[0, 0]"
60,2020-12-08T14:00:30Z,Hiking 20 Miles to Reflection Canyon Utah,"Hiking with my brother Kurtis 20 miles out and back to Reflection Canyon in Utah early November

00:00 Day 1  https://alltrails.com/explore/recording/reflection-canyon-47fd3c8
4:27 Day 2 https://alltrails.com/explore/recording/morning-hike-cf34645--29
07:58 Behind the Scenes",vju4pIWL3Dc,"reflection canyon, utah, usa","[0, 0]"
61,2020-12-02T19:10:40Z,Hiking Angels Landing in Zion National Park,"00:00 Trail https://alltrails.com/explore/recording/angels-landing-trail-32b1273
03:20 Behind the Scenes",Jjoc-M5gqtg,"Zion National Park, Springdale, Utah, USA","[0, 0]"
62,2020-11-17T14:09:12Z,Silent Hiking the Grand Canyon Tonto Trail,"00:00 Day 1 https://alltrails.com/explore/recording/hermit-s-rest-viewpoint-to-tonto-trail-to-bright-angel-trailhead-f2b93ce
9:46 Day 2 https://alltrails.com/explore/recording/hermit-s-rest-viewpoint-to-tonto-trail-to-bright-angel-trailhead-cebd648
12:00 Behind the Scenes",hg6EggpwMYI,"Grand Canyon, Arizona, United States","[0, 0]"
63,2020-10-15T11:42:26Z,"Hiking the Mount Marcy Loop in the Adirondacks, New York","Overnight hike in the ADK with my parent's yellow lab ""Shia"" early October 2020

00:00 Day 1 https://alltrails.com/explore/recording/wright-algonquin-iroquois-gray-skylight-marcy-loop-9b523b0
10:08 Day 2 https://alltrails.com/explore/recording/wright-algonquin-iroquois-gray-skylight-marcy-loop-5726daf
15:55 Behind the Scenes",Nn6-uMinE_o,"mount marcy, keene, new york, united states","[0, 0]"
64,2020-09-14T16:38:40Z,4 Hours of Ambient Silent Hiking,"0:00 Hornstrandir, Iceland https://youtu.be/6A5HY7hDeQA
12:40 Tour Du Mont Blanc, Switzerland https://youtu.be/3595IuY0kgE
26:01 Adirondacks, New York https://youtu.be/9eJmbBZUgRw
33:34 Picos de Europa, Spain https://youtu.be/l3S59EfTfP0
53:13 Grand Canyon, Arizona https://youtu.be/TzF2r0MjXK8
1:03:39 Santa Cruz Trek,  Peru https://youtu.be/QTVT6PdPyE0
1:12:26 Mt Hood, Oregon https://youtu.be/Z6Ch01xZc7Q
1:18:17 Mt Kilimanjaro, Tanzania https://youtu.be/ulT4cll7eKc
1:27:51 MacLehose Trail, Hong Kong https://youtu.be/FqbhVTRbADA
1:47:28 Mardi Himal Trek, Nepal https://youtu.be/iMvgjOhdAl8
1:53:57 Torres Del Paine, Chile https://youtu.be/sCTY0Ll_KeY
2:09:06 Alaska https://youtu.be/8Ch2vBkVUQQ
2:28:30 Kesugi Ridge, Alaska https://youtu.be/lmg5Hf1YUjA
2:36:28 San Juan Mountains, Colorado https://youtu.be/8cQXo8c2DWk
2:48:13 Sawtooths, Idaho https://youtu.be/3SykjY3GdMs
3:04:53 Catalina Island, California https://youtu.be/5CEpoMD2XYU
3:19:01 Enchantments, Washington https://youtu.be/LC5355BWIBE
3:24:44 Goat Rocks, Washington https://youtu.be/Zkzl7nVZyp0
3:38:01 Grand Tetons, Wyoming https://youtu.be/iVmw1cdla50",0oZrLuTO8hs,"hornstrandir, iceland  
tour du mont blanc, chamonix, france  
adirondacks, new york, united states  
picos de europa, spain  
grand canyon, arizona, united states  
santa cruz trek, peru  
mt hood, oregon, united states  
mt kilimanjaro, tanzania  
maclehose trail, hong kong  
mardi himal trek, nepal  
torres del paine, chile  
alaska, united states  
kesugi ridge, alaska, united states  
san juan mountains, colorado, united states  
sawtooths, idaho, united states  
catalina island, california, united states  
enchanted valley, washington, united states  
goat rocks, washington, united states  
grand tetons, wyoming, united states  ","[0, 0]"
65,2020-09-08T17:03:27Z,Hiking 45 Miles Alone on the Grand Teton Loop,"00:00 Day 1 https://alltrails.com/explore/recording/evening-hike-0660895--7
10:05 Day 2 https://alltrails.com/explore/recording/evening-hike-92977ae--5
14:58 Behind the scenes
22:55 Bloopers",iVmw1cdla50,no location found,"[0, 0]"
66,2020-08-15T10:00:30Z,Silent Hiking 40 Miles on the Goat Rocks Loop,"00:00 Day 1 https://alltrails.com/explore/recording/goat-rocks-three-loop-265c2b6
4:37 Day 2 https://alltrails.com/explore/recording/goat-rocks-three-loop-400e5e6
11:47 Day 3 https://alltrails.com/explore/recording/goat-rocks-three-loop-4175f2e
14:46 Behind the Scenes",Zkzl7nVZyp0,"goat rocks loop, washington, united states","[0, 0]"
67,2020-08-06T19:45:49Z,Hiking 20 miles on the Enchantments Traverse,"00:00 Day 1 https://alltrails.com/explore/recording/the-enchantments-trail-003dd61
4:29 Leavenworth Bavarian Village
5:46 Behind the Scenes",LC5355BWIBE,"Enchantments, Leavenworth, Washington, USA","[0, 0]"
68,2020-08-02T11:00:03Z,Hiking 40 Miles on the Trans-Catalina Trail,"00:00 Day 1 https://alltrails.com/explore/recording/trans-catalina-trail-2f3926f
7:15 Day 2 https://alltrails.com/explore/recording/trans-catalina-trail-123b7f0
14:09 Behind the Scenes",5CEpoMD2XYU,"catalina island, california, united states","[0, 0]"
69,2020-07-24T16:39:06Z,Hiking 70 Miles Alone on the Sawtooth Loop Trail,"00:00 Day 1 - Grandjean to Baron Lake (26 miles) https://alltrails.com/explore/recording/sawtooth-wilderness-loop-239f914
5:44 Day 2 - Baron Lake to Spangle Lake Pass (21 miles) https://alltrails.com/explore/recording/sawtooth-wilderness-loop-287e03d
13:36 Day 3 - Spangle Lake Pass to Grandjean (27 miles) https://alltrails.com/explore/recording/sawtooth-wilderness-loop-941e1aa
17:07 Hiking Guide and Behind the Scenes https://alltrails.com/explore/map/map-3cfbdf4--31
31:40 Bloopers",3SykjY3GdMs,"sawtooth wilderness, grandjean, idaho, united states","[0, 0]"
70,2020-06-26T12:05:35Z,Hiking 35 miles in Colorado's San Juan Mountains,"00:00 Day 1 - North Fork Henson Creek Road (5 miles) https://alltrails.com/explore/recording/wetterhorn-peak-and-uncompaghre-peak-7ec0dbe
2:29 Day 2 - Uncompaghre Peak (12 miles) https://alltrails.com/explore/recording/wetterhorn-peak-and-uncompaghre-peak-bdc4626
6:27 Day 2 - Wetterhorn Park (5 miles) https://www.alltrails.com/explore/recording/wetterhorn-peak-and-uncompaghre-peak-92fb0c6
9:03 Day 2 - Hike out to car (4 miles) https://alltrails.com/explore/recording/wetterhorn-peak-and-uncompaghre-peak-faa453e
9:30 Day 2 - Handies Peak (9 miles) https://alltrails.com/explore/recording/handies-peak-from-cinnamon-pass-road-c95fd52
11:47 Hiking Guide and Behind the Scenes",8cQXo8c2DWk,"san juan mountains, colorado, united states","[0, 0]"
71,2020-06-18T10:42:18Z,Hiking the Kesugi Ridge Trail in Alaska,"00:00 Day 1 https://alltrails.com/explore/recording/kesugi-ridge-curry-ridge-trail-9657c1f
3:53 Day 2 https://alltrails.com/explore/recording/kesugi-ridge-curry-ridge-trail-2c6a0ba
8:03 NordVPN
9:31 Behind the scenes",lmg5Hf1YUjA,"kesugi ridge, alaska, united states","[0, 0]"
72,2020-05-31T12:00:07Z,Hiking 100 Miles Alone in Alaska,"00:00 Intro
1:27 Day 1 - Hope to Resurrection Pass Trail (17 miles) https://alltrails.com/explore/recording/recording-may-23-7-23-pm-60495b4
4:36 Day 2 - Hiking to Swan Lake Cabin (17 miles) https://alltrails.com/explore/recording/recording-may-23-7-23-pm-60495b4
9:36 Day 3 - Cooper Landing to Lower Russian Lake (27 miles) https://alltrails.com/explore/recording/recording-may-25-7-15-pm-71d7232
12:47 Day 4 - Lower Russian Lake to Upper Russian Lake (13 miles) https://alltrails.com/explore/recording/recording-may-26-1-22-pm-6d1e481
13:37 Day 4 - Upper Russian Lake to Wilderness Camp (12 miles) https://alltrails.com/explore/recording/recording-may-26-7-23-pm-a0a080f
15:35 Day 5 - Hiking out to Seward (21 miles) https://alltrails.com/explore/recording/recording-may-27-1-13-pm-aaebdb8
18:49 Kenai Fjords National Park
19:27 Jon's YouTube Channel https://youtube.com/c/fly8ma
19:44 Instagram https://instagram.com/kraigadams",8Ch2vBkVUQQ,no location found,"[0, 0]"
73,2020-05-23T22:00:08Z,What to Eat While Hiking,,SZo-YBiEhgY,no location found,"[0, 0]"
74,2020-04-24T11:00:12Z,What to Wear Hiking,"0:00 Introduction
0:35 Dirty Layering
2:15 Choquequirao
3:50 Half Dome
5:42 Tour Du Mont Blanc
7:56 Adirondacks
9:29 Grand Canyon
9:46 Santa Cruz
10:53 Kilimanjaro
11:57 MacLehose",XLMFJS28jHk,no location found,"[0, 0]"
75,2020-03-18T20:51:31Z,Hiking 80 Miles Alone in Torres Del Paine,"00:00 Day 1 - Hiking to Dickson Camp (22 miles) https://alltrails.com/explore/recording/torres-del-paine-circuito-o-w-2e976ab
3:16 Day 2 - Dickson to Los Perros (8 miles) https://alltrails.com/explore/recording/torres-del-paine-circuito-o-w-7371364
6:18 Day 3 - Los Perros to Grey Camp (10 miles) https://alltrails.com/explore/recording/torres-del-paine-circuito-o-w-03fa2f7
10:20 Day 4 - Grey Camp to Torres Del Paine Camp https://alltrails.com/explore/recording/torres-del-paine-circuito-o-w-6a83c73
11:30 Day 4 - Britanico Viewpoint
14:29 Day 5 - Hiking to Towers Viewpoint 14 miles) https://alltrails.com/explore/recording/torres-del-paine-circuito-o-w-e6a4f65
15:13 Hiking Guide and Behind the Scenes https://alltrails.com/explore/map/map-838f14a--3",sCTY0Ll_KeY,"torres del paine national park, torres del paine, patagonia, chile","[0, 0]"
76,2020-02-08T10:15:00Z,Hiking the Mardi Himal Trek in Nepal,"In February 2020, I hiked the Mardi Himal Trek in Nepal
Hiking Guide - https://youtu.be/t5rTGYj33G0

00:00  Day 1 - Kade to Pothana (3 miles) https://alltrails.com/explore/recording/mardi-himal-trek--21
2:06 Day 2 - Pothana to Low Camp (11 miles) https://alltrails.com/explore/recording/mardi-himal-trek--22
5:38 Day 3 - Low Camp to High Camp (7 miles) https://alltrails.com/explore/recording/mardi-himal-trek--23
9:40 Day 4 - High Camp to Bhimiung (11 miles) https://alltrails.com/explore/recording/mardi-himal-trek--24",iMvgjOhdAl8,"mardi himal trek, nepal","[0, 0]"
77,2020-02-02T13:25:50Z,Hiking 60 Miles on the MacLehose Trail in Hong Kong,"00:00 Getting to the trailhead
0:36 Overview https://alltrails.com/explore/map/map-f3f1fa1--10
3:30 Day 1 - High Island Reservoir (6 miles) https://alltrails.com/explore/recording/maclehose-full-trail--10
4:37 Day 2 - Sai Wan to Cheung Sheung (14 miles) https://alltrails.com/explore/recording/maclehose-full-trail--12
10:10 Day 3 - Wa Mei Shan to Ngong Ping (12 miles) https://alltrails.com/explore/recording/maclehose-full-trail--11
13:07 Day 3 - Ngong Ping to Sha Tin Pass (7 miles) https://alltrails.com/explore/recording/maclehose-full-trail--13
14:46 Day 4 - Lion Rock to Shing Mun (14 miles) https://alltrails.com/explore/recording/maclehose-full-trail--14
17:17 Day 5 - Shing Mun to Tai Lam (18 miles) https://alltrails.com/explore/recording/maclehose-full-trail--15",FqbhVTRbADA,no location found,"[0, 0]"
78,2020-01-29T12:37:31Z,Failing to Summit Mt Kilimanjaro,"00:00 Moshi
0:40 Day 1 - Machame Gate to Machame Hut (8 miles) https://alltrails.com/explore/recording/mount-kilimanjaro-machame-route--251
5:03 Day 2 - Machame Hut to Shira (4 miles) https://alltrails.com/explore/recording/mount-kilimanjaro-machame-route--252
9:20 Day 2 - Shira Lookout https://alltrails.com/explore/recording/recording-jan-14-540-pm--3
10:43 Day 3 - Shira to Barranco (7 miles) https://alltrails.com/explore/recording/mount-kilimanjaro-machame-route--253
15:54 Day 4 - Barranco to Karanga (4 miles) https://alltrails.com/explore/recording/mount-kilimanjaro-machame-route--254
17:34 Behind the Scenes https://alltrails.com/explore/map/map-sep-17-09-12-pm-be23c41",ulT4cll7eKc,"mount kilimanjaro, moshi, tanzania","[0, 0]"
79,2019-11-25T19:19:03Z,Solo Hiking the Santa Cruz Trek in Peru,"Map - https://alltrails.com/explore/map/map--78640

00:00 Day 1 - Vaqueria to Huaipampa (5 miles) https://alltrails.com/explore/recording/santa-cruz-trek--97
1:03 Day 2 - Huaipampa to Punta Union https://www.alltrails.com/explore/recording/santa-cruz-trek--98
5:34 Day 3 - Taullipampa to Cashapampa (16 miles) https://alltrails.com/explore/recording/santa-cruz-trek--99
9:05 Thank you Omaze https://omaze.com/kraig
10:20 Hiking guide and behind the scenes",QTVT6PdPyE0,no location found,"[0, 0]"
80,2019-11-15T22:18:22Z,Hiking the Grand Canyon Rim to Rim,"00:00 Day 1 - South Rim to Phantom Ranch (9 miles) https://alltrails.com/explore/recording/south-kaibab-to-north-kaibab-to-bright-angel-trail-21a518a2-fa45-427c-bae7-e79c39cf521e
5:40 Day 2 - Phantom Ranch to North Rim (14 miles) https://alltrails.com/explore/recording/recording-oct-31-4-52-pm
9:41 Day 3 - North Rim Campground and Overlook
10:29 Thank you Epic Provisions
11:50 Hiking guide and behind the scenes",TzF2r0MjXK8,"grand canyon, vertex, arizona, united states","[0, 0]"
81,2019-10-12T15:50:45Z,Hiking 90 Miles in Picos de Europa Spain,"Hiking alone in Spain early October
Hiking guide and map - https://youtu.be/7Q4RJ03TO0g

00:00 Day 1 - Fuente De to Sotres (17 miles) https://alltrails.com/explore/recording/recording-oct-02-8-09-pm
6:15 Day 2 - Sotres to Cantu Collugos (15 miles) https://alltrails.com/explore/recording/recording-oct-03-8-05-pm
10:05 Day 3 - Cantu Collugos to Cain de Valdeon (20 miles) https://alltrails.com/explore/recording/recording-oct-04-5-43-pm
https://alltrails.com/explore/recording/recording-oct-04-8-25-pm--2
12:18 Day 4 - Cain de Valdeon to Pico Conjurtao (10 miles) https://alltrails.com/explore/recording/recording-oct-05-7-43-pm
14:49 Day 5 - Pico Conjurtao to Refugio de Vegabano (15 miles) https://alltrails.com/explore/recording/recording-oct-06-8-07-pm--2
17:17 Day 6 - Refugio de Vegabano to Refugio Collado Jermoso (14 miles) https://alltrails.com/explore/recording/recording-oct-07-12-30-pm--9
https://alltrails.com/explore/recording/recording-oct-07-6-52-pm--3
18:51 Day 7 - Refugio Collado Jermoso to Fuente De (6 miles) https://alltrails.com/explore/recording/recording-oct-08-11-27-am--2",l3S59EfTfP0,"picos de europa, spain","[0, 0]"
82,2019-09-25T20:50:18Z,Hiking Alone in the Adirondack Mountains,"00:00 Mount Marcy (Day 1) https://alltrails.com/explore/recording/recording-sep-07-4-53-pm--8
3:40 Mount Marshall (Day 2) https://alltrails.com/explore/recording/recording-sep-08-6-22-pm--2
6:57 Heart Lake (Day 3) https://alltrails.com/explore/recording/recording-sep-09-11-58-am--5
9 mile walk back to Lake Placid https://www.alltrails.com/explore/recording/recording-sep-09-3-39-pm
7:37 Hiking Guide and Behind the Scenes",9eJmbBZUgRw,"Adirondack Mountains, Lake Placid, New York, United States","[0, 0]"
83,2019-08-29T13:33:50Z,Hiking 120 miles on the Tour Du Mont Blanc,"Map - https://alltrails.com/explore/map/map--73626

00:00 Martigny to Tre-le-Champ - Day 1 (20 miles) https://alltrails.com/explore/recording/tour-du-mont-blanc-tmb--814
1:48 Tre-le-Champ to Les Houches - Day 2 (20 miles) https://alltrails.com/explore/recording/tour-du-mont-blanc-tmb--821
4:38 Les Houches to Col des Fours Wildcamp - Day 3 (23 miles) https://alltrails.com/explore/recording/tour-du-mont-blanc-tmb--828
7:10 Col des Fours Wildcamp to Courmayeur - Day 4 (21 miles) https://alltrails.com/explore/recording/tour-du-mont-blanc-tmb-day-02--12
8:30 Courmayeur to La Fouly - Day 5 (21 miles) https://alltrails.com/explore/recording/tour-du-mont-blanc-tmb--840
11:28 La Fouly to Trient - Day 6 (19 miles) https://alltrails.com/explore/recording/tour-du-mont-blanc-tmb--858
13:22 Hiking Guide and Behind the Scenes",3595IuY0kgE,"mont blanc, chamonix, france","[0, 0]"
84,2019-07-22T22:30:00Z,Hiking 60 Miles Alone in Hornstrandir Iceland,"Backpacking on my own in the Northwest corner of Iceland in early July 2019
Hiking guide - https://youtu.be/5-XEAOerG3Q

00:00 Hesteyri (Day 1) https://alltrails.com/explore/recording/recording-jul-10-9-46-pm--2
4:25 Tjaldsvaeoi (Day 2) https://alltrails.com/explore/recording/recording-jul-11-5-41-pm
6:44 Hornvik (Day 3) https://alltrails.com/explore/recording/recording-jul-12-6-27-pm
11:28 Veidileysufjordur (Day 4) https://alltrails.com/explore/recording/recording-jul-13-8-13-pm--4",6A5HY7hDeQA,"hornstrandir, no location found","[0, 0]"
85,2019-06-30T00:30:51Z,Hiking the Half Dome Cables in Yosemite,"Day 1 https://alltrails.com/explore/recording/half-dome-trail--2887
Day 2 https://alltrails.com/explore/recording/recording-jun-19-10-12-am--2",GS0qd_EJrCQ,"Yosemite National Park, Yosemite Valley, California, United States","[0, 0]"
86,2019-06-08T00:46:17Z,Hiking to the Choquequirao Ruins in Peru,"Map - https://alltrails.com/explore/map/map-a34e1dd--9
Behind the scenes - https://youtu.be/Exbo6ZN_gWQ

00:00 Day 1 - Casa Nostra to Trailhead https://goo.gl/maps/Dr5YKeKi639YnwLU7
1:39 Day 1 - Trailhead to Santa Rosa (10 miles) https://alltrails.com/explore/recording/choquequirao-trek-segment-1--11
5:07 Day 2 - Marampata https://alltrails.com/explore/recording/choquequirao-trek-segment-2--12
7:00 Day 2 - Choquequirao Ruins
8:27 Day 2 - Ruins to Playa Rosalina (14 miles) https://alltrails.com/explore/recording/choquequirao-trek-segment-2--12
9:44 Day 3 - Playa Rosalina to Trailhead (7 miles) https://alltrails.com/explore/recording/recording-may-27-1-19-pm--3
11:26 Thank you B&H Photo https://bhphotovideo.com",xJMbus51uSs,"choquequirao ruins, peru","[0, 0]"
87,2017-12-31T14:24:32Z,Japan Super Vlog,"0:00 Hilton Narita Hotel https://geni.us/gAujnr
1:02 Naritasan Shinshoji Temple https://geni.us/Mtd2
2:14 Nagomi Shop https://geni.us/yEEzEq
3:17 Oyama Rice Terraces https://geni.us/PV4oWQ
3:55 Kamogawakan Ryokan Hotel https://geni.us/R49VR
6:04 Mount Nokogiri https://geni.us/sHbjO5r
7:37 Tokyo Bay Ferry https://geni.us/2cMRo8
9:20 Hokokuji Temple https://geni.us/BSIvaf
10:30 Tsurugaoka Hachiman-gu Shrine https://geni.us/S6oab
11:34 Kamakura Prince Hotel https://geni.us/a4kOIvk
14:41 Lake Sagami https://geni.us/9KgWO
17:23 Pleasure Forest https://geni.us/PWjC
19:11 Izumihashi Sake Brewery https://geni.us/47ZQo
21:12 Hakone Kowakien https://geni.us/dgky
22:56 Edo-Tokyo Architecture Museum https://geni.us/LaKB0t
23:42 Sanrio Puroland https://geni.us/dFbfEK
27:04 Keio Plaza Hotel https://geni.us/DaAKTPh
27:20 Aqua Park https://geni.us/hQF3rn
29:35 Tokyo Tower https://geni.us/qfZaAI
30:26 Musashi Ninja Clan https://geni.us/COW7HB
31:38 VR Park Tokyo https://geni.us/fQt66g6
32:30 Nezu Museum https://geni.us/dRMldZ
34:22 Chatei Hatou https://geni.us/2v2S0gE
35:25 Tokyo Saryo https://geni.us/eHyNL1o
36:03 Yoyogi Park https://geni.us/fm9uUSy
36:57 Meiji Jingu Shrine https://geni.us/dcYy59Z",L3oD-Li3SzU,"narita, chiba, japan","[0, 0]"
